[{"model": "contenttypes.contenttype", "pk": 1, "fields": {"app_label": "admin", "model": "logentry"}}, {"model": "contenttypes.contenttype", "pk": 2, "fields": {"app_label": "auth", "model": "permission"}}, {"model": "contenttypes.contenttype", "pk": 3, "fields": {"app_label": "auth", "model": "group"}}, {"model": "contenttypes.contenttype", "pk": 4, "fields": {"app_label": "auth", "model": "user"}}, {"model": "contenttypes.contenttype", "pk": 5, "fields": {"app_label": "contenttypes", "model": "contenttype"}}, {"model": "contenttypes.contenttype", "pk": 6, "fields": {"app_label": "sessions", "model": "session"}}, {"model": "contenttypes.contenttype", "pk": 7, "fields": {"app_label": "blog", "model": "blog"}}, {"model": "contenttypes.contenttype", "pk": 8, "fields": {"app_label": "blog", "model": "blogtype"}}, {"model": "contenttypes.contenttype", "pk": 9, "fields": {"app_label": "blog", "model": "readnum"}}, {"model": "contenttypes.contenttype", "pk": 10, "fields": {"app_label": "read_statistics", "model": "readnum"}}, {"model": "contenttypes.contenttype", "pk": 11, "fields": {"app_label": "read_statistics", "model": "readdetail"}}, {"model": "contenttypes.contenttype", "pk": 12, "fields": {"app_label": "comment", "model": "comment"}}, {"model": "contenttypes.contenttype", "pk": 13, "fields": {"app_label": "likes", "model": "likerecord"}}, {"model": "contenttypes.contenttype", "pk": 14, "fields": {"app_label": "likes", "model": "likecount"}}, {"model": "contenttypes.contenttype", "pk": 15, "fields": {"app_label": "user", "model": "profile"}}, {"model": "sessions.session", "pk": "5gkhnzm767q95xc3yrswtill0ck5pemv", "fields": {"session_data": "ZGNiZWU1ZDM4MjZmMjk4YWFiMWM5ZWU5MWE2MTJiZTM2Mjg0NzY1ZTp7Il9hdXRoX3VzZXJfaWQiOiIxIiwiX2F1dGhfdXNlcl9iYWNrZW5kIjoiZGphbmdvLmNvbnRyaWIuYXV0aC5iYWNrZW5kcy5Nb2RlbEJhY2tlbmQiLCJfYXV0aF91c2VyX2hhc2giOiIxM2Y0MzE0ODQzN2JkODA1MzNlYTY0OWRmMjlmMzFkYzdiMDE3MTcwIiwiYmluZF9lbWFpbF9jb2RlIjoieUFGMSJ9", "expire_date": "2020-02-16T15:27:14.147Z"}}, {"model": "sessions.session", "pk": "wcs8wkxrle5xjg4m2qebkitupd1sswyp", "fields": {"session_data": "YzY4NjczM2QzYjc0ZTdjYmY3MGY2YjhjZTk3ZTI4ZjFkYTM1N2U2ZDp7Il9hdXRoX3VzZXJfaWQiOiI2IiwiX2F1dGhfdXNlcl9iYWNrZW5kIjoiZGphbmdvLmNvbnRyaWIuYXV0aC5iYWNrZW5kcy5Nb2RlbEJhY2tlbmQiLCJfYXV0aF91c2VyX2hhc2giOiIwZTJhNWY4YjJmMWJiY2MwMWVmODMxYjcxZjYxMTljYTVhYmY3NzVkIn0=", "expire_date": "2020-02-17T05:02:17.165Z"}}, {"model": "blog.blogtype", "pk": 1, "fields": {"type_name": "Django"}}, {"model": "blog.blogtype", "pk": 2, "fields": {"type_name": "\u968f\u7b14"}}, {"model": "blog.blogtype", "pk": 3, "fields": {"type_name": "\u611f\u609f"}}, {"model": "read_statistics.readnum", "pk": 1, "fields": {"read_num": 100, "content_type": 7, "object_id": 35}}, {"model": "read_statistics.readnum", "pk": 2, "fields": {"read_num": 2222, "content_type": 7, "object_id": 1}}, {"model": "read_statistics.readnum", "pk": 3, "fields": {"read_num": 17, "content_type": 7, "object_id": 56}}, {"model": "read_statistics.readnum", "pk": 4, "fields": {"read_num": 10, "content_type": 7, "object_id": 55}}, {"model": "read_statistics.readnum", "pk": 5, "fields": {"read_num": 10, "content_type": 7, "object_id": 54}}, {"model": "read_statistics.readnum", "pk": 6, "fields": {"read_num": 4, "content_type": 7, "object_id": 52}}, {"model": "read_statistics.readnum", "pk": 7, "fields": {"read_num": 3, "content_type": 7, "object_id": 51}}, {"model": "read_statistics.readnum", "pk": 8, "fields": {"read_num": 3, "content_type": 7, "object_id": 50}}, {"model": "read_statistics.readnum", "pk": 9, "fields": {"read_num": 2, "content_type": 7, "object_id": 49}}, {"model": "read_statistics.readnum", "pk": 10, "fields": {"read_num": 1, "content_type": 7, "object_id": 48}}, {"model": "read_statistics.readnum", "pk": 11, "fields": {"read_num": 1, "content_type": 7, "object_id": 47}}, {"model": "read_statistics.readnum", "pk": 12, "fields": {"read_num": 1, "content_type": 7, "object_id": 46}}, {"model": "read_statistics.readnum", "pk": 13, "fields": {"read_num": 1, "content_type": 7, "object_id": 45}}, {"model": "read_statistics.readnum", "pk": 14, "fields": {"read_num": 1, "content_type": 7, "object_id": 44}}, {"model": "read_statistics.readnum", "pk": 15, "fields": {"read_num": 1, "content_type": 7, "object_id": 43}}, {"model": "read_statistics.readnum", "pk": 16, "fields": {"read_num": 1, "content_type": 7, "object_id": 42}}, {"model": "read_statistics.readnum", "pk": 17, "fields": {"read_num": 1, "content_type": 7, "object_id": 41}}, {"model": "read_statistics.readnum", "pk": 18, "fields": {"read_num": 6, "content_type": 7, "object_id": 53}}, {"model": "read_statistics.readnum", "pk": 19, "fields": {"read_num": 1, "content_type": 7, "object_id": 40}}, {"model": "read_statistics.readnum", "pk": 20, "fields": {"read_num": 1, "content_type": 7, "object_id": 39}}, {"model": "read_statistics.readnum", "pk": 21, "fields": {"read_num": 1, "content_type": 7, "object_id": 38}}, {"model": "read_statistics.readdetail", "pk": 1, "fields": {"date": "2020-01-09", "read_num": 30, "content_type": 7, "object_id": 55}}, {"model": "read_statistics.readdetail", "pk": 2, "fields": {"date": "2020-01-31", "read_num": 1, "content_type": 7, "object_id": 56}}, {"model": "read_statistics.readdetail", "pk": 3, "fields": {"date": "2020-01-31", "read_num": 1, "content_type": 7, "object_id": 55}}, {"model": "read_statistics.readdetail", "pk": 4, "fields": {"date": "2020-01-31", "read_num": 1, "content_type": 7, "object_id": 52}}, {"model": "read_statistics.readdetail", "pk": 5, "fields": {"date": "2020-01-31", "read_num": 1, "content_type": 7, "object_id": 51}}, {"model": "read_statistics.readdetail", "pk": 6, "fields": {"date": "2020-01-31", "read_num": 1, "content_type": 7, "object_id": 50}}, {"model": "read_statistics.readdetail", "pk": 7, "fields": {"date": "2020-01-31", "read_num": 1, "content_type": 7, "object_id": 49}}, {"model": "read_statistics.readdetail", "pk": 8, "fields": {"date": "2020-01-31", "read_num": 1, "content_type": 7, "object_id": 48}}, {"model": "read_statistics.readdetail", "pk": 9, "fields": {"date": "2020-01-31", "read_num": 1, "content_type": 7, "object_id": 47}}, {"model": "read_statistics.readdetail", "pk": 10, "fields": {"date": "2020-01-31", "read_num": 1, "content_type": 7, "object_id": 46}}, {"model": "read_statistics.readdetail", "pk": 11, "fields": {"date": "2020-01-31", "read_num": 1, "content_type": 7, "object_id": 45}}, {"model": "read_statistics.readdetail", "pk": 12, "fields": {"date": "2020-01-31", "read_num": 1, "content_type": 7, "object_id": 44}}, {"model": "read_statistics.readdetail", "pk": 13, "fields": {"date": "2020-01-31", "read_num": 1, "content_type": 7, "object_id": 43}}, {"model": "read_statistics.readdetail", "pk": 14, "fields": {"date": "2020-01-31", "read_num": 1, "content_type": 7, "object_id": 42}}, {"model": "read_statistics.readdetail", "pk": 15, "fields": {"date": "2020-01-31", "read_num": 1, "content_type": 7, "object_id": 41}}, {"model": "read_statistics.readdetail", "pk": 16, "fields": {"date": "2020-01-31", "read_num": 1, "content_type": 7, "object_id": 54}}, {"model": "read_statistics.readdetail", "pk": 17, "fields": {"date": "2020-01-31", "read_num": 1, "content_type": 7, "object_id": 53}}, {"model": "read_statistics.readdetail", "pk": 18, "fields": {"date": "2020-01-31", "read_num": 1, "content_type": 7, "object_id": 40}}, {"model": "read_statistics.readdetail", "pk": 19, "fields": {"date": "2020-01-31", "read_num": 1, "content_type": 7, "object_id": 39}}, {"model": "read_statistics.readdetail", "pk": 20, "fields": {"date": "2020-01-31", "read_num": 1, "content_type": 7, "object_id": 38}}, {"model": "read_statistics.readdetail", "pk": 21, "fields": {"date": "2020-02-01", "read_num": 14, "content_type": 7, "object_id": 56}}, {"model": "read_statistics.readdetail", "pk": 22, "fields": {"date": "2020-02-01", "read_num": 4, "content_type": 7, "object_id": 54}}, {"model": "read_statistics.readdetail", "pk": 23, "fields": {"date": "2020-02-01", "read_num": 7, "content_type": 7, "object_id": 55}}, {"model": "read_statistics.readdetail", "pk": 24, "fields": {"date": "2020-02-01", "read_num": 4, "content_type": 7, "object_id": 53}}, {"model": "read_statistics.readdetail", "pk": 25, "fields": {"date": "2020-02-01", "read_num": 2, "content_type": 7, "object_id": 52}}, {"model": "read_statistics.readdetail", "pk": 26, "fields": {"date": "2020-02-01", "read_num": 2, "content_type": 7, "object_id": 51}}, {"model": "read_statistics.readdetail", "pk": 27, "fields": {"date": "2020-02-01", "read_num": 1, "content_type": 7, "object_id": 50}}, {"model": "read_statistics.readdetail", "pk": 28, "fields": {"date": "2020-02-01", "read_num": 1, "content_type": 7, "object_id": 49}}, {"model": "read_statistics.readdetail", "pk": 29, "fields": {"date": "2020-02-02", "read_num": 1, "content_type": 7, "object_id": 55}}, {"model": "read_statistics.readdetail", "pk": 30, "fields": {"date": "2020-02-02", "read_num": 2, "content_type": 7, "object_id": 54}}, {"model": "read_statistics.readdetail", "pk": 31, "fields": {"date": "2020-02-02", "read_num": 1, "content_type": 7, "object_id": 50}}, {"model": "read_statistics.readdetail", "pk": 32, "fields": {"date": "2020-02-02", "read_num": 1, "content_type": 7, "object_id": 53}}, {"model": "read_statistics.readdetail", "pk": 33, "fields": {"date": "2020-02-02", "read_num": 1, "content_type": 7, "object_id": 52}}, {"model": "read_statistics.readdetail", "pk": 34, "fields": {"date": "2020-02-02", "read_num": 1, "content_type": 7, "object_id": 56}}, {"model": "read_statistics.readdetail", "pk": 35, "fields": {"date": "2020-02-03", "read_num": 2, "content_type": 7, "object_id": 54}}, {"model": "likes.likecount", "pk": 1, "fields": {"content_type": 7, "object_id": 56, "liked_num": 1}}, {"model": "likes.likecount", "pk": 2, "fields": {"content_type": 7, "object_id": 55, "liked_num": 1}}, {"model": "likes.likecount", "pk": 3, "fields": {"content_type": 7, "object_id": 54, "liked_num": 2}}, {"model": "likes.likecount", "pk": 4, "fields": {"content_type": 7, "object_id": 53, "liked_num": 1}}, {"model": "likes.likecount", "pk": 5, "fields": {"content_type": 7, "object_id": 52, "liked_num": 0}}, {"model": "likes.likecount", "pk": 6, "fields": {"content_type": 7, "object_id": 51, "liked_num": 0}}, {"model": "likes.likecount", "pk": 7, "fields": {"content_type": 7, "object_id": 50, "liked_num": 1}}, {"model": "likes.likecount", "pk": 8, "fields": {"content_type": 7, "object_id": 49, "liked_num": 0}}, {"model": "likes.likecount", "pk": 9, "fields": {"content_type": 7, "object_id": 48, "liked_num": 0}}, {"model": "likes.likecount", "pk": 10, "fields": {"content_type": 7, "object_id": 47, "liked_num": 0}}, {"model": "likes.likecount", "pk": 11, "fields": {"content_type": 12, "object_id": 40, "liked_num": 1}}, {"model": "likes.likecount", "pk": 12, "fields": {"content_type": 12, "object_id": 41, "liked_num": 1}}, {"model": "likes.likecount", "pk": 13, "fields": {"content_type": 12, "object_id": 78, "liked_num": 0}}, {"model": "likes.likecount", "pk": 14, "fields": {"content_type": 12, "object_id": 79, "liked_num": 0}}, {"model": "likes.likecount", "pk": 15, "fields": {"content_type": 12, "object_id": 80, "liked_num": 1}}, {"model": "likes.likecount", "pk": 16, "fields": {"content_type": 12, "object_id": 82, "liked_num": 1}}, {"model": "likes.likecount", "pk": 17, "fields": {"content_type": 12, "object_id": 81, "liked_num": 1}}, {"model": "likes.likecount", "pk": 18, "fields": {"content_type": 12, "object_id": 83, "liked_num": 1}}, {"model": "likes.likecount", "pk": 19, "fields": {"content_type": 12, "object_id": 76, "liked_num": 0}}, {"model": "likes.likecount", "pk": 20, "fields": {"content_type": 12, "object_id": 77, "liked_num": 0}}, {"model": "likes.likecount", "pk": 21, "fields": {"content_type": 12, "object_id": 75, "liked_num": 0}}, {"model": "likes.likecount", "pk": 22, "fields": {"content_type": 12, "object_id": 58, "liked_num": 0}}, {"model": "likes.likecount", "pk": 23, "fields": {"content_type": 12, "object_id": 74, "liked_num": 0}}, {"model": "likes.likecount", "pk": 24, "fields": {"content_type": 12, "object_id": 57, "liked_num": 0}}, {"model": "likes.likecount", "pk": 25, "fields": {"content_type": 12, "object_id": 56, "liked_num": 0}}, {"model": "likes.likecount", "pk": 26, "fields": {"content_type": 12, "object_id": 55, "liked_num": 0}}, {"model": "likes.likecount", "pk": 27, "fields": {"content_type": 12, "object_id": 54, "liked_num": 0}}, {"model": "likes.likecount", "pk": 28, "fields": {"content_type": 12, "object_id": 37, "liked_num": 0}}, {"model": "likes.likecount", "pk": 29, "fields": {"content_type": 12, "object_id": 42, "liked_num": 0}}, {"model": "likes.likecount", "pk": 30, "fields": {"content_type": 12, "object_id": 43, "liked_num": 0}}, {"model": "likes.likecount", "pk": 31, "fields": {"content_type": 12, "object_id": 44, "liked_num": 0}}, {"model": "likes.likecount", "pk": 32, "fields": {"content_type": 12, "object_id": 45, "liked_num": 0}}, {"model": "likes.likecount", "pk": 33, "fields": {"content_type": 12, "object_id": 46, "liked_num": 0}}, {"model": "likes.likecount", "pk": 34, "fields": {"content_type": 12, "object_id": 36, "liked_num": 0}}, {"model": "likes.likecount", "pk": 35, "fields": {"content_type": 12, "object_id": 35, "liked_num": 0}}, {"model": "likes.likecount", "pk": 36, "fields": {"content_type": 12, "object_id": 34, "liked_num": 0}}, {"model": "likes.likecount", "pk": 37, "fields": {"content_type": 12, "object_id": 7, "liked_num": 0}}, {"model": "likes.likecount", "pk": 38, "fields": {"content_type": 12, "object_id": 6, "liked_num": 0}}, {"model": "likes.likecount", "pk": 39, "fields": {"content_type": 12, "object_id": 5, "liked_num": 0}}, {"model": "likes.likecount", "pk": 40, "fields": {"content_type": 12, "object_id": 49, "liked_num": 0}}, {"model": "likes.likecount", "pk": 41, "fields": {"content_type": 12, "object_id": 4, "liked_num": 0}}, {"model": "likes.likecount", "pk": 42, "fields": {"content_type": 12, "object_id": 3, "liked_num": 0}}, {"model": "likes.likecount", "pk": 43, "fields": {"content_type": 12, "object_id": 47, "liked_num": 0}}, {"model": "likes.likecount", "pk": 44, "fields": {"content_type": 12, "object_id": 48, "liked_num": 0}}, {"model": "likes.likecount", "pk": 45, "fields": {"content_type": 12, "object_id": 50, "liked_num": 0}}, {"model": "likes.likecount", "pk": 46, "fields": {"content_type": 12, "object_id": 51, "liked_num": 0}}, {"model": "likes.likecount", "pk": 47, "fields": {"content_type": 12, "object_id": 52, "liked_num": 0}}, {"model": "likes.likecount", "pk": 48, "fields": {"content_type": 12, "object_id": 53, "liked_num": 0}}, {"model": "likes.likecount", "pk": 49, "fields": {"content_type": 12, "object_id": 59, "liked_num": 0}}, {"model": "likes.likecount", "pk": 50, "fields": {"content_type": 12, "object_id": 60, "liked_num": 0}}, {"model": "likes.likecount", "pk": 51, "fields": {"content_type": 12, "object_id": 61, "liked_num": 0}}, {"model": "likes.likecount", "pk": 52, "fields": {"content_type": 12, "object_id": 62, "liked_num": 0}}, {"model": "likes.likecount", "pk": 53, "fields": {"content_type": 12, "object_id": 63, "liked_num": 0}}, {"model": "likes.likecount", "pk": 54, "fields": {"content_type": 12, "object_id": 69, "liked_num": 1}}, {"model": "likes.likecount", "pk": 55, "fields": {"content_type": 12, "object_id": 66, "liked_num": 0}}, {"model": "likes.likecount", "pk": 56, "fields": {"content_type": 12, "object_id": 64, "liked_num": 0}}, {"model": "likes.likecount", "pk": 57, "fields": {"content_type": 12, "object_id": 65, "liked_num": 0}}, {"model": "likes.likecount", "pk": 58, "fields": {"content_type": 12, "object_id": 67, "liked_num": 0}}, {"model": "likes.likecount", "pk": 59, "fields": {"content_type": 12, "object_id": 68, "liked_num": 0}}, {"model": "likes.likecount", "pk": 60, "fields": {"content_type": 12, "object_id": 84, "liked_num": 0}}, {"model": "likes.likecount", "pk": 61, "fields": {"content_type": 12, "object_id": 85, "liked_num": 1}}, {"model": "likes.likecount", "pk": 62, "fields": {"content_type": 12, "object_id": 86, "liked_num": 1}}, {"model": "likes.likecount", "pk": 63, "fields": {"content_type": 12, "object_id": 87, "liked_num": 0}}, {"model": "likes.likecount", "pk": 64, "fields": {"content_type": 12, "object_id": 92, "liked_num": 0}}, {"model": "likes.likecount", "pk": 65, "fields": {"content_type": 12, "object_id": 88, "liked_num": 0}}, {"model": "likes.likecount", "pk": 66, "fields": {"content_type": 12, "object_id": 89, "liked_num": 0}}, {"model": "likes.likecount", "pk": 67, "fields": {"content_type": 12, "object_id": 90, "liked_num": 0}}, {"model": "likes.likecount", "pk": 68, "fields": {"content_type": 12, "object_id": 91, "liked_num": 0}}, {"model": "likes.likecount", "pk": 69, "fields": {"content_type": 12, "object_id": 95, "liked_num": 0}}, {"model": "likes.likecount", "pk": 70, "fields": {"content_type": 12, "object_id": 94, "liked_num": 0}}, {"model": "likes.likecount", "pk": 71, "fields": {"content_type": 12, "object_id": 93, "liked_num": 0}}, {"model": "likes.likecount", "pk": 72, "fields": {"content_type": 12, "object_id": 97, "liked_num": 0}}, {"model": "likes.likecount", "pk": 73, "fields": {"content_type": 12, "object_id": 96, "liked_num": 0}}, {"model": "likes.likecount", "pk": 74, "fields": {"content_type": 12, "object_id": 98, "liked_num": 0}}, {"model": "auth.permission", "pk": 1, "fields": {"name": "Can add log entry", "content_type": 1, "codename": "add_logentry"}}, {"model": "auth.permission", "pk": 2, "fields": {"name": "Can change log entry", "content_type": 1, "codename": "change_logentry"}}, {"model": "auth.permission", "pk": 3, "fields": {"name": "Can delete log entry", "content_type": 1, "codename": "delete_logentry"}}, {"model": "auth.permission", "pk": 4, "fields": {"name": "Can view log entry", "content_type": 1, "codename": "view_logentry"}}, {"model": "auth.permission", "pk": 5, "fields": {"name": "Can add permission", "content_type": 2, "codename": "add_permission"}}, {"model": "auth.permission", "pk": 6, "fields": {"name": "Can change permission", "content_type": 2, "codename": "change_permission"}}, {"model": "auth.permission", "pk": 7, "fields": {"name": "Can delete permission", "content_type": 2, "codename": "delete_permission"}}, {"model": "auth.permission", "pk": 8, "fields": {"name": "Can view permission", "content_type": 2, "codename": "view_permission"}}, {"model": "auth.permission", "pk": 9, "fields": {"name": "Can add group", "content_type": 3, "codename": "add_group"}}, {"model": "auth.permission", "pk": 10, "fields": {"name": "Can change group", "content_type": 3, "codename": "change_group"}}, {"model": "auth.permission", "pk": 11, "fields": {"name": "Can delete group", "content_type": 3, "codename": "delete_group"}}, {"model": "auth.permission", "pk": 12, "fields": {"name": "Can view group", "content_type": 3, "codename": "view_group"}}, {"model": "auth.permission", "pk": 13, "fields": {"name": "Can add user", "content_type": 4, "codename": "add_user"}}, {"model": "auth.permission", "pk": 14, "fields": {"name": "Can change user", "content_type": 4, "codename": "change_user"}}, {"model": "auth.permission", "pk": 15, "fields": {"name": "Can delete user", "content_type": 4, "codename": "delete_user"}}, {"model": "auth.permission", "pk": 16, "fields": {"name": "Can view user", "content_type": 4, "codename": "view_user"}}, {"model": "auth.permission", "pk": 17, "fields": {"name": "Can add content type", "content_type": 5, "codename": "add_contenttype"}}, {"model": "auth.permission", "pk": 18, "fields": {"name": "Can change content type", "content_type": 5, "codename": "change_contenttype"}}, {"model": "auth.permission", "pk": 19, "fields": {"name": "Can delete content type", "content_type": 5, "codename": "delete_contenttype"}}, {"model": "auth.permission", "pk": 20, "fields": {"name": "Can view content type", "content_type": 5, "codename": "view_contenttype"}}, {"model": "auth.permission", "pk": 21, "fields": {"name": "Can add session", "content_type": 6, "codename": "add_session"}}, {"model": "auth.permission", "pk": 22, "fields": {"name": "Can change session", "content_type": 6, "codename": "change_session"}}, {"model": "auth.permission", "pk": 23, "fields": {"name": "Can delete session", "content_type": 6, "codename": "delete_session"}}, {"model": "auth.permission", "pk": 24, "fields": {"name": "Can view session", "content_type": 6, "codename": "view_session"}}, {"model": "auth.permission", "pk": 25, "fields": {"name": "Can add blog", "content_type": 7, "codename": "add_blog"}}, {"model": "auth.permission", "pk": 26, "fields": {"name": "Can change blog", "content_type": 7, "codename": "change_blog"}}, {"model": "auth.permission", "pk": 27, "fields": {"name": "Can delete blog", "content_type": 7, "codename": "delete_blog"}}, {"model": "auth.permission", "pk": 28, "fields": {"name": "Can view blog", "content_type": 7, "codename": "view_blog"}}, {"model": "auth.permission", "pk": 29, "fields": {"name": "Can add blog type", "content_type": 8, "codename": "add_blogtype"}}, {"model": "auth.permission", "pk": 30, "fields": {"name": "Can change blog type", "content_type": 8, "codename": "change_blogtype"}}, {"model": "auth.permission", "pk": 31, "fields": {"name": "Can delete blog type", "content_type": 8, "codename": "delete_blogtype"}}, {"model": "auth.permission", "pk": 32, "fields": {"name": "Can view blog type", "content_type": 8, "codename": "view_blogtype"}}, {"model": "auth.permission", "pk": 33, "fields": {"name": "Can add read num", "content_type": 9, "codename": "add_readnum"}}, {"model": "auth.permission", "pk": 34, "fields": {"name": "Can change read num", "content_type": 9, "codename": "change_readnum"}}, {"model": "auth.permission", "pk": 35, "fields": {"name": "Can delete read num", "content_type": 9, "codename": "delete_readnum"}}, {"model": "auth.permission", "pk": 36, "fields": {"name": "Can view read num", "content_type": 9, "codename": "view_readnum"}}, {"model": "auth.permission", "pk": 37, "fields": {"name": "Can add read num", "content_type": 10, "codename": "add_readnum"}}, {"model": "auth.permission", "pk": 38, "fields": {"name": "Can change read num", "content_type": 10, "codename": "change_readnum"}}, {"model": "auth.permission", "pk": 39, "fields": {"name": "Can delete read num", "content_type": 10, "codename": "delete_readnum"}}, {"model": "auth.permission", "pk": 40, "fields": {"name": "Can view read num", "content_type": 10, "codename": "view_readnum"}}, {"model": "auth.permission", "pk": 41, "fields": {"name": "Can add read detail", "content_type": 11, "codename": "add_readdetail"}}, {"model": "auth.permission", "pk": 42, "fields": {"name": "Can change read detail", "content_type": 11, "codename": "change_readdetail"}}, {"model": "auth.permission", "pk": 43, "fields": {"name": "Can delete read detail", "content_type": 11, "codename": "delete_readdetail"}}, {"model": "auth.permission", "pk": 44, "fields": {"name": "Can view read detail", "content_type": 11, "codename": "view_readdetail"}}, {"model": "auth.permission", "pk": 45, "fields": {"name": "Can add comment", "content_type": 12, "codename": "add_comment"}}, {"model": "auth.permission", "pk": 46, "fields": {"name": "Can change comment", "content_type": 12, "codename": "change_comment"}}, {"model": "auth.permission", "pk": 47, "fields": {"name": "Can delete comment", "content_type": 12, "codename": "delete_comment"}}, {"model": "auth.permission", "pk": 48, "fields": {"name": "Can view comment", "content_type": 12, "codename": "view_comment"}}, {"model": "auth.permission", "pk": 49, "fields": {"name": "Can add like record", "content_type": 13, "codename": "add_likerecord"}}, {"model": "auth.permission", "pk": 50, "fields": {"name": "Can change like record", "content_type": 13, "codename": "change_likerecord"}}, {"model": "auth.permission", "pk": 51, "fields": {"name": "Can delete like record", "content_type": 13, "codename": "delete_likerecord"}}, {"model": "auth.permission", "pk": 52, "fields": {"name": "Can view like record", "content_type": 13, "codename": "view_likerecord"}}, {"model": "auth.permission", "pk": 53, "fields": {"name": "Can add like count", "content_type": 14, "codename": "add_likecount"}}, {"model": "auth.permission", "pk": 54, "fields": {"name": "Can change like count", "content_type": 14, "codename": "change_likecount"}}, {"model": "auth.permission", "pk": 55, "fields": {"name": "Can delete like count", "content_type": 14, "codename": "delete_likecount"}}, {"model": "auth.permission", "pk": 56, "fields": {"name": "Can view like count", "content_type": 14, "codename": "view_likecount"}}, {"model": "auth.permission", "pk": 57, "fields": {"name": "Can add profile", "content_type": 15, "codename": "add_profile"}}, {"model": "auth.permission", "pk": 58, "fields": {"name": "Can change profile", "content_type": 15, "codename": "change_profile"}}, {"model": "auth.permission", "pk": 59, "fields": {"name": "Can delete profile", "content_type": 15, "codename": "delete_profile"}}, {"model": "auth.permission", "pk": 60, "fields": {"name": "Can view profile", "content_type": 15, "codename": "view_profile"}}, {"model": "auth.user", "pk": 1, "fields": {"password": "pbkdf2_sha256$150000$WmjqyxLHhwl1$2/vHofo06VJFeedAlVB6p1SzDhAzeAhEEOWPaNaIqVI=", "last_login": "2020-02-03T05:01:22.446Z", "is_superuser": true, "username": "admin", "first_name": "", "last_name": "", "email": "1647319115@qq.com", "is_staff": true, "is_active": true, "date_joined": "2020-01-30T10:52:00Z", "groups": [], "user_permissions": []}}, {"model": "auth.user", "pk": 2, "fields": {"password": "pbkdf2_sha256$150000$MF9y0uGo0fW8$iwGHCYmMQzIQFZPXba26gVEgrtKzASOswzYgeA1YVJg=", "last_login": "2020-02-02T08:26:45.711Z", "is_superuser": false, "username": "\u5c0f\u660e", "first_name": "", "last_name": "", "email": "1@qq.com", "is_staff": false, "is_active": true, "date_joined": "2020-02-01T11:08:40.323Z", "groups": [], "user_permissions": []}}, {"model": "auth.user", "pk": 3, "fields": {"password": "pbkdf2_sha256$150000$GS4LrzAr6bEg$GYksKGqUldiXauIqvElWYne0VfQxHpkMrmrkv4dAyEA=", "last_login": "2020-02-02T14:05:34.059Z", "is_superuser": false, "username": "\u5c0f\u7ea2", "first_name": "", "last_name": "", "email": "2@qq.com", "is_staff": false, "is_active": true, "date_joined": "2020-02-01T11:10:37.274Z", "groups": [], "user_permissions": []}}, {"model": "auth.user", "pk": 4, "fields": {"password": "pbkdf2_sha256$150000$zI23gTZQATGf$nOj1lrfsLhV1w8Mz4id5+qMiSA/B0cnpqBpEDZiGdL8=", "last_login": "2020-02-02T13:02:59.229Z", "is_superuser": false, "username": "\u5c0f\u674e", "first_name": "", "last_name": "", "email": "12@qq.com", "is_staff": false, "is_active": true, "date_joined": "2020-02-02T13:02:58.871Z", "groups": [], "user_permissions": []}}, {"model": "auth.user", "pk": 5, "fields": {"password": "pbkdf2_sha256$150000$fVuHU0XL2BiY$o8sPtDyCEmSbw5Xr7Oqvcd8zAWmUirYsp2vyxz8nGf8=", "last_login": "2020-02-02T14:04:10.842Z", "is_superuser": false, "username": "\u5c0f\u5f20", "first_name": "", "last_name": "", "email": "123@qq.com", "is_staff": false, "is_active": true, "date_joined": "2020-02-02T14:04:10.591Z", "groups": [], "user_permissions": []}}, {"model": "auth.user", "pk": 6, "fields": {"password": "pbkdf2_sha256$150000$fRdCpBd3W5K1$W8WhPYB9eEoD8tjxv8wMdZ2G0fqYZvJ5yLmUhbPKLiA=", "last_login": "2020-02-03T05:02:17.157Z", "is_superuser": false, "username": "\u5c0f\u738b\u516b", "first_name": "", "last_name": "", "email": "weyounglc@163.com", "is_staff": false, "is_active": true, "date_joined": "2020-02-03T03:31:11.469Z", "groups": [], "user_permissions": []}}, {"model": "blog.blog", "pk": 1, "fields": {"title": "\u7b2c\u4e00\u7bc7\u535a\u5ba2", "blog_type": 2, "content": "123", "author": 1, "create_time": "2020-01-30T10:56:34.860Z", "lastupdate_time": "2020-01-30T10:56:34.860Z"}}, {"model": "blog.blog", "pk": 2, "fields": {"title": "\u7b2c\u4e8c\u7bc7\u535a\u5ba2", "blog_type": 2, "content": "\u554a\u6536\u5230\u4e86\u5065\u5eb7\u91d1\u514b\u62c9\u6492\u65e6\u8270\u82e6\u62c9\u8428\u6253\u5f00\u94fe\u63a5\u4e86\u5c31\u5361\u6b7b\u7684\u8270\u82e6\u62c9\u8428\u7684\u91d1\u514b\u62c9\u6492\u65e6\u5c3d\u5feblads\u5c3d\u5feblads\u91d1\u514b\u62c9\u6492\u65e6\u5b89\u5e08\u5927\u5c31\u5361\u6b7b\u7684\u91d1\u514b\u62c9\u6492\u65e6\u91d1\u514b\u62c9\u6492\u65e6\u523b\u5f55\u673a\u963f\u65af\u987f\u91d1\u514b\u62c9\u6492\u65e6\u91d1\u514b\u62c9\u6492\u65e6\u5c3d\u5feb\u843d\u5730\u8270\u82e6\u62c9\u8428\u91d1\u514b\u62c9\u6492\u65e6\u52a0\u5feb\u4e86\u6253\u8d4f\u523b\u5f55\u673a\u963f\u65af\u987f\u963f\u65af\u987f\u91d1\u514b\u62c9\u6492\u65e6\u91d1\u514b\u62c9\u6492\u65e6\u6848\u4ef6\u770b\u6765\u5361\u62c9\u5723\u8bde\u8282\u963f\u65af\u987f\u91d1\u514b\u62c9\u514b\u62c9\u65af\u7684\u8270\u82e6\u62c9\u8428\u7684\u5c31\u662f\u7684\u8270\u82e6\u62c9\u8428\u7684\u5c3d\u5feb\u5c31\u91d1\u514b\u62c9\u6492\u65e6\u4e86\u5c31\u5361\u6b7b\u7684\u8270\u82e6\u62c9\u8428\u5927\u5bb6\u8003\u8651\u5c3d\u5feb\u79bb\u5f00\u62c9\u8428\u7684\u8270\u82e6\u62c9\u8428\u7684\u8270\u82e6\u8270\u82e6\u4e86\u591a\u5c11", "author": 1, "create_time": "2020-01-30T11:41:15.703Z", "lastupdate_time": "2020-01-30T11:41:15.703Z"}}, {"model": "blog.blog", "pk": 3, "fields": {"title": "\u957f\u5185\u5bb9\u7684\u535a\u5ba2", "blog_type": 2, "content": "\u6697\u793a\u62c9\u8428\u6253\u5f00\u62c9\u8428\u65ad\u5f00\u8fde\u63a5\u901f\u5ea6\u5c31\u6d41\u53e3\u6c34\u7684 \u91d1\u514b\u62c9\u6492\u65e6\u91d1\u514b\u62c9\u6492\u65e6\u91d1\u514b\u62c9\u6492\u65e6\u91d1\u514b\u62c9\u6492\u65e6\u91d1\u514b\u62c9\u6492\u65e6\u91d1\u514b\u62c9\u6492\u65e6\u63a5\u53e3\u7684\u8bbe\u8ba1\u54e6\u6025\u6025\u6025\u6697\u793a\u62c9\u8428\u6253\u5f00\u62c9\u8428\u65ad\u5f00\u8fde\u63a5\u901f\u5ea6\u5c31\u6d41\u53e3\u6c34\u7684 \u91d1\u514b\u62c9\u6492\u65e6\u91d1\u514b\u62c9\u6492\u65e6\u91d1\u514b\u62c9\u6492\u65e6\u91d1\u514b\u62c9\u6492\u65e6\u91d1\u514b\u62c9\u6492\u65e6\u91d1\u514b\u62c9\u6492\u65e6\u63a5\u53e3\u7684\u8bbe\u8ba1\u54e6\u6025\u6025\u6025\u6697\u793a\u62c9\u8428\u6253\u5f00\u62c9\u8428\u65ad\u5f00\u8fde\u63a5\u901f\u5ea6\u5c31\u6d41\u53e3\u6c34\u7684 \u91d1\u514b\u62c9\u6492\u65e6\u91d1\u514b\u62c9\u6492\u65e6\u91d1\u514b\u62c9\u6492\u65e6\u91d1\u514b\u62c9\u6492\u65e6\u91d1\u514b\u62c9\u6492\u65e6\u91d1\u514b\u62c9\u6492\u65e6\u63a5\u53e3\u7684\u8bbe\u8ba1\u54e6\u6025\u6025\u6025\u6697\u793a\u62c9\u8428\u6253\u5f00\u62c9\u8428\u65ad\u5f00\u8fde\u63a5\u901f\u5ea6\u5c31\u6d41\u53e3\u6c34\u7684 \u91d1\u514b\u62c9\u6492\u65e6\u91d1\u514b\u62c9\u6492\u65e6\u91d1\u514b\u62c9\u6492\u65e6\u91d1\u514b\u62c9\u6492\u65e6\u91d1\u514b\u62c9\u6492\u65e6\u91d1\u514b\u62c9\u6492\u65e6\u63a5\u53e3\u7684\u8bbe\u8ba1\u54e6\u6025\u6025\u6025\u6697\u793a\u62c9\u8428\u6253\u5f00\u62c9\u8428\u65ad\u5f00\u8fde\u63a5\u901f\u5ea6\u5c31\u6d41\u53e3\u6c34\u7684 \u91d1\u514b\u62c9\u6492\u65e6\u91d1\u514b\u62c9\u6492\u65e6\u91d1\u514b\u62c9\u6492\u65e6\u91d1\u514b\u62c9\u6492\u65e6\u91d1\u514b\u62c9\u6492\u65e6\u91d1\u514b\u62c9\u6492\u65e6\u63a5\u53e3\u7684\u8bbe\u8ba1\u54e6\u6025\u6025\u6025\u6697\u793a\u62c9\u8428\u6253\u5f00\u62c9\u8428\u65ad\u5f00\u8fde\u63a5\u901f\u5ea6\u5c31\u6d41\u53e3\u6c34\u7684 \u91d1\u514b\u62c9\u6492\u65e6\u91d1\u514b\u62c9\u6492\u65e6\u91d1\u514b\u62c9\u6492\u65e6\u91d1\u514b\u62c9\u6492\u65e6\u91d1\u514b\u62c9\u6492\u65e6\u91d1\u514b\u62c9\u6492\u65e6\u63a5\u53e3\u7684\u8bbe\u8ba1\u54e6\u6025\u6025\u6025\u6697\u793a\u62c9\u8428\u6253\u5f00\u62c9\u8428\u65ad\u5f00\u8fde\u63a5\u901f\u5ea6\u5c31\u6d41\u53e3\u6c34\u7684 \u91d1\u514b\u62c9\u6492\u65e6\u91d1\u514b\u62c9\u6492\u65e6\u91d1\u514b\u62c9\u6492\u65e6\u91d1\u514b\u62c9\u6492\u65e6\u91d1\u514b\u62c9\u6492\u65e6\u91d1\u514b\u62c9\u6492\u65e6\u63a5\u53e3\u7684\u8bbe\u8ba1\u54e6\u6025\u6025\u6025\u6697\u793a\u62c9\u8428\u6253\u5f00\u62c9\u8428\u65ad\u5f00\u8fde\u63a5\u901f\u5ea6\u5c31\u6d41\u53e3\u6c34\u7684 \u91d1\u514b\u62c9\u6492\u65e6\u91d1\u514b\u62c9\u6492\u65e6\u91d1\u514b\u62c9\u6492\u65e6\u91d1\u514b\u62c9\u6492\u65e6\u91d1\u514b\u62c9\u6492\u65e6\u91d1\u514b\u62c9\u6492\u65e6\u63a5\u53e3\u7684\u8bbe\u8ba1\u54e6\u6025\u6025\u6025\u6697\u793a\u62c9\u8428\u6253\u5f00\u62c9\u8428\u65ad\u5f00\u8fde\u63a5\u901f\u5ea6\u5c31\u6d41\u53e3\u6c34\u7684 \u91d1\u514b\u62c9\u6492\u65e6\u91d1\u514b\u62c9\u6492\u65e6\u91d1\u514b\u62c9\u6492\u65e6\u91d1\u514b\u62c9\u6492\u65e6\u91d1\u514b\u62c9\u6492\u65e6\u91d1\u514b\u62c9\u6492\u65e6\u63a5\u53e3\u7684\u8bbe\u8ba1\u54e6\u6025\u6025\u6025\u6697\u793a\u62c9\u8428\u6253\u5f00\u62c9\u8428\u65ad\u5f00\u8fde\u63a5\u901f\u5ea6\u5c31\u6d41\u53e3\u6c34\u7684 \u91d1\u514b\u62c9\u6492\u65e6\u91d1\u514b\u62c9\u6492\u65e6\u91d1\u514b\u62c9\u6492\u65e6\u91d1\u514b\u62c9\u6492\u65e6\u91d1\u514b\u62c9\u6492\u65e6\u91d1\u514b\u62c9\u6492\u65e6\u63a5\u53e3\u7684\u8bbe\u8ba1\u54e6\u6025\u6025\u6025\u6697\u793a\u62c9\u8428\u6253\u5f00\u62c9\u8428\u65ad\u5f00\u8fde\u63a5\u901f\u5ea6\u5c31\u6d41\u53e3\u6c34\u7684 \u91d1\u514b\u62c9\u6492\u65e6\u91d1\u514b\u62c9\u6492\u65e6\u91d1\u514b\u62c9\u6492\u65e6\u91d1\u514b\u62c9\u6492\u65e6\u91d1\u514b\u62c9\u6492\u65e6\u91d1\u514b\u62c9\u6492\u65e6\u63a5\u53e3\u7684\u8bbe\u8ba1\u54e6\u6025\u6025\u6025", "author": 1, "create_time": "2020-01-30T11:46:40.841Z", "lastupdate_time": "2020-01-30T11:46:40.841Z"}}, {"model": "blog.blog", "pk": 4, "fields": {"title": "\u968f\u7b142", "blog_type": 2, "content": "1231", "author": 1, "create_time": "2020-01-30T12:21:24.536Z", "lastupdate_time": "2020-01-30T12:21:24.536Z"}}, {"model": "blog.blog", "pk": 5, "fields": {"title": "Django1", "blog_type": 1, "content": "\u554a\u662f\u5927\u98d2\u98d2\u5927\u82cf\u6253\u5b89\u5e08\u5927\u5b89\u5e08\u5927\u5b89\u5e08\u5927\u963f\u65af\u987f\u8428\u8fbe\u5b89\u5e08\u5927\u5b89\u5e08\u5927\u5b89\u5e08\u5927\u5b89\u5e08\u5927\u9515\u5f97\u745f", "author": 1, "create_time": "2020-01-30T12:21:37.356Z", "lastupdate_time": "2020-01-30T12:21:37.356Z"}}, {"model": "blog.blog", "pk": 6, "fields": {"title": "\u7b2c\u4e94\u7bc7\uff1f", "blog_type": 1, "content": "\u963f\u8428\u7684\u4e86\u89e3\u5ba2\u6237\u662f\u7684\u5361\u62c9\u501f\u8bb0\u5361\u963f\u8428\u7684\u4e86\u89e3\u5ba2\u6237\u662f\u7684\u5361\u62c9\u501f\u8bb0\u5361\u963f\u8428\u7684\u4e86\u89e3\u5ba2\u6237\u662f\u7684\u5361\u62c9\u501f\u8bb0\u5361\u963f\u8428\u7684\u4e86\u89e3\u5ba2\u6237\u662f\u7684\u5361\u62c9\u501f\u8bb0\u5361\u963f\u8428\u7684\u4e86\u89e3\u5ba2\u6237\u662f\u7684\u5361\u62c9\u501f\u8bb0\u5361\u963f\u8428\u7684\u4e86\u89e3\u5ba2\u6237\u662f\u7684\u5361\u62c9\u501f\u8bb0\u5361\u963f\u8428\u7684\u4e86\u89e3\u5ba2\u6237\u662f\u7684\u5361\u62c9\u501f\u8bb0\u5361\u963f\u8428\u7684\u4e86\u89e3\u5ba2\u6237\u662f\u7684\u5361\u62c9\u501f\u8bb0\u5361\u963f\u8428\u7684\u4e86\u89e3\u5ba2\u6237\u662f\u7684\u5361\u62c9\u501f\u8bb0\u5361\u963f\u8428\u7684\u4e86\u89e3\u5ba2\u6237\u662f\u7684\u5361\u62c9\u501f\u8bb0\u5361\u963f\u8428\u7684\u4e86\u89e3\u5ba2\u6237\u662f\u7684\u5361\u62c9\u501f\u8bb0\u5361\u963f\u8428\u7684\u4e86\u89e3\u5ba2\u6237\u662f\u7684\u5361\u62c9\u501f\u8bb0\u5361\u963f\u8428\u7684\u4e86\u89e3\u5ba2\u6237\u662f\u7684\u5361\u62c9\u501f\u8bb0\u5361\u963f\u8428\u7684\u4e86\u89e3\u5ba2\u6237\u662f\u7684\u5361\u62c9\u501f\u8bb0\u5361\u963f\u8428\u7684\u4e86\u89e3\u5ba2\u6237\u662f\u7684\u5361\u62c9\u501f\u8bb0\u5361\u963f\u8428\u7684\u4e86\u89e3\u5ba2\u6237\u662f\u7684\u5361\u62c9\u501f\u8bb0\u5361\u963f\u8428\u7684\u4e86\u89e3\u5ba2\u6237\u662f\u7684\u5361\u62c9\u501f\u8bb0\u5361\u963f\u8428\u7684\u4e86\u89e3\u5ba2\u6237\u662f\u7684\u5361\u62c9\u501f\u8bb0\u5361\u963f\u8428\u7684\u4e86\u89e3\u5ba2\u6237\u662f\u7684\u5361\u62c9\u501f\u8bb0\u5361\u963f\u8428\u7684\u4e86\u89e3\u5ba2\u6237\u662f\u7684\u5361\u62c9\u501f\u8bb0\u5361\u963f\u8428\u7684\u4e86\u89e3\u5ba2\u6237\u662f\u7684\u5361\u62c9\u501f\u8bb0\u5361\u963f\u8428\u7684\u4e86\u89e3\u5ba2\u6237\u662f\u7684\u5361\u62c9\u501f\u8bb0\u5361\u963f\u8428\u7684\u4e86\u89e3\u5ba2\u6237\u662f\u7684\u5361\u62c9\u501f\u8bb0\u5361\u963f\u8428\u7684\u4e86\u89e3\u5ba2\u6237\u662f\u7684\u5361\u62c9\u501f\u8bb0\u5361\u963f\u8428\u7684\u4e86\u89e3\u5ba2\u6237\u662f\u7684\u5361\u62c9\u501f\u8bb0\u5361\u963f\u8428\u7684\u4e86\u89e3\u5ba2\u6237\u662f\u7684\u5361\u62c9\u501f\u8bb0\u5361\u963f\u8428\u7684\u4e86\u89e3\u5ba2\u6237\u662f\u7684\u5361\u62c9\u501f\u8bb0\u5361\u963f\u8428\u7684\u4e86\u89e3\u5ba2\u6237\u662f\u7684\u5361\u62c9\u501f\u8bb0\u5361\u963f\u8428\u7684\u4e86\u89e3\u5ba2\u6237\u662f\u7684\u5361\u62c9\u501f\u8bb0\u5361\u963f\u8428\u7684\u4e86\u89e3\u5ba2\u6237\u662f\u7684\u5361\u62c9\u501f\u8bb0\u5361\u963f\u8428\u7684\u4e86\u89e3\u5ba2\u6237\u662f\u7684\u5361\u62c9\u501f\u8bb0\u5361\u963f\u8428\u7684\u4e86\u89e3\u5ba2\u6237\u662f\u7684\u5361\u62c9\u501f\u8bb0\u5361\u963f\u8428\u7684\u4e86\u89e3\u5ba2\u6237\u662f\u7684\u5361\u62c9\u501f\u8bb0\u5361\u963f\u8428\u7684\u4e86\u89e3\u5ba2\u6237\u662f\u7684\u5361\u62c9\u501f\u8bb0\u5361\u963f\u8428\u7684\u4e86\u89e3\u5ba2\u6237\u662f\u7684\u5361\u62c9\u501f\u8bb0\u5361\u963f\u8428\u7684\u4e86\u89e3\u5ba2\u6237\u662f\u7684\u5361\u62c9\u501f\u8bb0\u5361\u963f\u8428\u7684\u4e86\u89e3\u5ba2\u6237\u662f\u7684\u5361\u62c9\u501f\u8bb0\u5361\u963f\u8428\u7684\u4e86\u89e3\u5ba2\u6237\u662f\u7684\u5361\u62c9\u501f\u8bb0\u5361\u963f\u8428\u7684\u4e86\u89e3\u5ba2\u6237\u662f\u7684\u5361\u62c9\u501f\u8bb0\u5361\u963f\u8428\u7684\u4e86\u89e3\u5ba2\u6237\u662f\u7684\u5361\u62c9\u501f\u8bb0\u5361\u963f\u8428\u7684\u4e86\u89e3\u5ba2\u6237\u662f\u7684\u5361\u62c9\u501f\u8bb0\u5361\u963f\u8428\u7684\u4e86\u89e3\u5ba2\u6237\u662f\u7684\u5361\u62c9\u501f\u8bb0\u5361\u963f\u8428\u7684\u4e86\u89e3\u5ba2\u6237\u662f\u7684\u5361\u62c9\u501f\u8bb0\u5361\u963f\u8428\u7684\u4e86\u89e3\u5ba2\u6237\u662f\u7684\u5361\u62c9\u501f\u8bb0\u5361\u963f\u8428\u7684\u4e86\u89e3\u5ba2\u6237\u662f\u7684\u5361\u62c9\u501f\u8bb0\u5361\u963f\u8428\u7684\u4e86\u89e3\u5ba2\u6237\u662f\u7684\u5361\u62c9\u501f\u8bb0\u5361\u963f\u8428\u7684\u4e86\u89e3\u5ba2\u6237\u662f\u7684\u5361\u62c9\u501f\u8bb0\u5361\u963f\u8428\u7684\u4e86\u89e3\u5ba2\u6237\u662f\u7684\u5361\u62c9\u501f\u8bb0\u5361\u963f\u8428\u7684\u4e86\u89e3\u5ba2\u6237\u662f\u7684\u5361\u62c9\u501f\u8bb0\u5361\u963f\u8428\u7684\u4e86\u89e3\u5ba2\u6237\u662f\u7684\u5361\u62c9\u501f\u8bb0\u5361\u963f\u8428\u7684\u4e86\u89e3\u5ba2\u6237\u662f\u7684\u5361\u62c9\u501f\u8bb0\u5361\u963f\u8428\u7684\u4e86\u89e3\u5ba2\u6237\u662f\u7684\u5361\u62c9\u501f\u8bb0\u5361\u963f\u8428\u7684\u4e86\u89e3\u5ba2\u6237\u662f\u7684\u5361\u62c9\u501f\u8bb0\u5361\u963f\u8428\u7684\u4e86\u89e3\u5ba2\u6237\u662f\u7684\u5361\u62c9\u501f\u8bb0\u5361\u963f\u8428\u7684\u4e86\u89e3\u5ba2\u6237\u662f\u7684\u5361\u62c9\u501f\u8bb0\u5361\u963f\u8428\u7684\u4e86\u89e3\u5ba2\u6237\u662f\u7684\u5361\u62c9\u501f\u8bb0\u5361\u963f\u8428\u7684\u4e86\u89e3\u5ba2\u6237\u662f\u7684\u5361\u62c9\u501f\u8bb0\u5361\u963f\u8428\u7684\u4e86\u89e3\u5ba2\u6237\u662f\u7684\u5361\u62c9\u501f\u8bb0\u5361\u963f\u8428\u7684\u4e86\u89e3\u5ba2\u6237\u662f\u7684\u5361\u62c9\u501f\u8bb0\u5361\u963f\u8428\u7684\u4e86\u89e3\u5ba2\u6237\u662f\u7684\u5361\u62c9\u501f\u8bb0\u5361\u963f\u8428\u7684\u4e86\u89e3\u5ba2\u6237\u662f\u7684\u5361\u62c9\u501f\u8bb0\u5361\u963f\u8428\u7684\u4e86\u89e3\u5ba2\u6237\u662f\u7684\u5361\u62c9\u501f\u8bb0\u5361\u963f\u8428\u7684\u4e86\u89e3\u5ba2\u6237\u662f\u7684\u5361\u62c9\u501f\u8bb0\u5361\u963f\u8428\u7684\u4e86\u89e3\u5ba2\u6237\u662f\u7684\u5361\u62c9\u501f\u8bb0\u5361\u963f\u8428\u7684\u4e86\u89e3\u5ba2\u6237\u662f\u7684\u5361\u62c9\u501f\u8bb0\u5361\u963f\u8428\u7684\u4e86\u89e3\u5ba2\u6237\u662f\u7684\u5361\u62c9\u501f\u8bb0\u5361\u963f\u8428\u7684\u4e86\u89e3\u5ba2\u6237\u662f\u7684\u5361\u62c9\u501f\u8bb0\u5361\u963f\u8428\u7684\u4e86\u89e3\u5ba2\u6237\u662f\u7684\u5361\u62c9\u501f\u8bb0\u5361\u963f\u8428\u7684\u4e86\u89e3\u5ba2\u6237\u662f\u7684\u5361\u62c9\u501f\u8bb0\u5361\u963f\u8428\u7684\u4e86\u89e3\u5ba2\u6237\u662f\u7684\u5361\u62c9\u501f\u8bb0\u5361\u963f\u8428\u7684\u4e86\u89e3\u5ba2\u6237\u662f\u7684\u5361\u62c9\u501f\u8bb0\u5361\u963f\u8428\u7684\u4e86\u89e3\u5ba2\u6237\u662f\u7684\u5361\u62c9\u501f\u8bb0\u5361\u963f\u8428\u7684\u4e86\u89e3\u5ba2\u6237\u662f\u7684\u5361\u62c9\u501f\u8bb0\u5361\u963f\u8428\u7684\u4e86\u89e3\u5ba2\u6237\u662f\u7684\u5361\u62c9\u501f\u8bb0\u5361\u963f\u8428\u7684\u4e86\u89e3\u5ba2\u6237\u662f\u7684\u5361\u62c9\u501f\u8bb0\u5361\u963f\u8428\u7684\u4e86\u89e3\u5ba2\u6237\u662f\u7684\u5361\u62c9\u501f\u8bb0\u5361\u963f\u8428\u7684\u4e86\u89e3\u5ba2\u6237\u662f\u7684\u5361\u62c9\u501f\u8bb0\u5361\u963f\u8428\u7684\u4e86\u89e3\u5ba2\u6237\u662f\u7684\u5361\u62c9\u501f\u8bb0\u5361\u963f\u8428\u7684\u4e86\u89e3\u5ba2\u6237\u662f\u7684\u5361\u62c9\u501f\u8bb0\u5361\u963f\u8428\u7684\u4e86\u89e3\u5ba2\u6237\u662f\u7684\u5361\u62c9\u501f\u8bb0\u5361\u963f\u8428\u7684\u4e86\u89e3\u5ba2\u6237\u662f\u7684\u5361\u62c9\u501f\u8bb0\u5361\u963f\u8428\u7684\u4e86\u89e3\u5ba2\u6237\u662f\u7684\u5361\u62c9\u501f\u8bb0\u5361\u963f\u8428\u7684\u4e86\u89e3\u5ba2\u6237\u662f\u7684\u5361\u62c9\u501f\u8bb0\u5361\u963f\u8428\u7684\u4e86\u89e3\u5ba2\u6237\u662f\u7684\u5361\u62c9\u501f\u8bb0\u5361\u963f\u8428\u7684\u4e86\u89e3\u5ba2\u6237\u662f\u7684\u5361\u62c9\u501f\u8bb0\u5361\u963f\u8428\u7684\u4e86\u89e3\u5ba2\u6237\u662f\u7684\u5361\u62c9\u501f\u8bb0\u5361\u963f\u8428\u7684\u4e86\u89e3\u5ba2\u6237\u662f\u7684\u5361\u62c9\u501f\u8bb0\u5361\u963f\u8428\u7684\u4e86\u89e3\u5ba2\u6237\u662f\u7684\u5361\u62c9\u501f\u8bb0\u5361\u963f\u8428\u7684\u4e86\u89e3\u5ba2\u6237\u662f\u7684\u5361\u62c9\u501f\u8bb0\u5361\u963f\u8428\u7684\u4e86\u89e3\u5ba2\u6237\u662f\u7684\u5361\u62c9\u501f\u8bb0\u5361\u963f\u8428\u7684\u4e86\u89e3\u5ba2\u6237\u662f\u7684\u5361\u62c9\u501f\u8bb0\u5361\u963f\u8428\u7684\u4e86\u89e3\u5ba2\u6237\u662f\u7684\u5361\u62c9\u501f\u8bb0\u5361\u963f\u8428\u7684\u4e86\u89e3\u5ba2\u6237\u662f\u7684\u5361\u62c9\u501f\u8bb0\u5361\u963f\u8428\u7684\u4e86\u89e3\u5ba2\u6237\u662f\u7684\u5361\u62c9\u501f\u8bb0\u5361\u963f\u8428\u7684\u4e86\u89e3\u5ba2\u6237\u662f\u7684\u5361\u62c9\u501f\u8bb0\u5361\u963f\u8428\u7684\u4e86\u89e3\u5ba2\u6237\u662f\u7684\u5361\u62c9\u501f\u8bb0\u5361\u963f\u8428\u7684\u4e86\u89e3\u5ba2\u6237\u662f\u7684\u5361\u62c9\u501f\u8bb0\u5361\u963f\u8428\u7684\u4e86\u89e3\u5ba2\u6237\u662f\u7684\u5361\u62c9\u501f\u8bb0\u5361\u963f\u8428\u7684\u4e86\u89e3\u5ba2\u6237\u662f\u7684\u5361\u62c9\u501f\u8bb0\u5361\u963f\u8428\u7684\u4e86\u89e3\u5ba2\u6237\u662f\u7684\u5361\u62c9\u501f\u8bb0\u5361\u963f\u8428\u7684\u4e86\u89e3\u5ba2\u6237\u662f\u7684\u5361\u62c9\u501f\u8bb0\u5361\u963f\u8428\u7684\u4e86\u89e3\u5ba2\u6237\u662f\u7684\u5361\u62c9\u501f\u8bb0\u5361\u963f\u8428\u7684\u4e86\u89e3\u5ba2\u6237\u662f\u7684\u5361\u62c9\u501f\u8bb0\u5361\u963f\u8428\u7684\u4e86\u89e3\u5ba2\u6237\u662f\u7684\u5361\u62c9\u501f\u8bb0\u5361\u963f\u8428\u7684\u4e86\u89e3\u5ba2\u6237\u662f\u7684\u5361\u62c9\u501f\u8bb0\u5361\u963f\u8428\u7684\u4e86\u89e3\u5ba2\u6237\u662f\u7684\u5361\u62c9\u501f\u8bb0\u5361\u963f\u8428\u7684\u4e86\u89e3\u5ba2\u6237\u662f\u7684\u5361\u62c9\u501f\u8bb0\u5361\u963f\u8428\u7684\u4e86\u89e3\u5ba2\u6237\u662f\u7684\u5361\u62c9\u501f\u8bb0\u5361\u963f\u8428\u7684\u4e86\u89e3\u5ba2\u6237\u662f\u7684\u5361\u62c9\u501f\u8bb0\u5361\u963f\u8428\u7684\u4e86\u89e3\u5ba2\u6237\u662f\u7684\u5361\u62c9\u501f\u8bb0\u5361\u963f\u8428\u7684\u4e86\u89e3\u5ba2\u6237\u662f\u7684\u5361\u62c9\u501f\u8bb0\u5361\u963f\u8428\u7684\u4e86\u89e3\u5ba2\u6237\u662f\u7684\u5361\u62c9\u501f\u8bb0\u5361\u963f\u8428\u7684\u4e86\u89e3\u5ba2\u6237\u662f\u7684\u5361\u62c9\u501f\u8bb0\u5361\u963f\u8428\u7684\u4e86\u89e3\u5ba2\u6237\u662f\u7684\u5361\u62c9\u501f\u8bb0\u5361\u963f\u8428\u7684\u4e86\u89e3\u5ba2\u6237\u662f\u7684\u5361\u62c9\u501f\u8bb0\u5361\u963f\u8428\u7684\u4e86\u89e3\u5ba2\u6237\u662f\u7684\u5361\u62c9\u501f\u8bb0\u5361\u963f\u8428\u7684\u4e86\u89e3\u5ba2\u6237\u662f\u7684\u5361\u62c9\u501f\u8bb0\u5361\u963f\u8428\u7684\u4e86\u89e3\u5ba2\u6237\u662f\u7684\u5361\u62c9\u501f\u8bb0\u5361\u963f\u8428\u7684\u4e86\u89e3\u5ba2\u6237\u662f\u7684\u5361\u62c9\u501f\u8bb0\u5361\u963f\u8428\u7684\u4e86\u89e3\u5ba2\u6237\u662f\u7684\u5361\u62c9\u501f\u8bb0\u5361\u963f\u8428\u7684\u4e86\u89e3\u5ba2\u6237\u662f\u7684\u5361\u62c9\u501f\u8bb0\u5361\u963f\u8428\u7684\u4e86\u89e3\u5ba2\u6237\u662f\u7684\u5361\u62c9\u501f\u8bb0\u5361\u963f\u8428\u7684\u4e86\u89e3\u5ba2\u6237\u662f\u7684\u5361\u62c9\u501f\u8bb0\u5361\u963f\u8428\u7684\u4e86\u89e3\u5ba2\u6237\u662f\u7684\u5361\u62c9\u501f\u8bb0\u5361\u963f\u8428\u7684\u4e86\u89e3\u5ba2\u6237\u662f\u7684\u5361\u62c9\u501f\u8bb0\u5361\u963f\u8428\u7684\u4e86\u89e3\u5ba2\u6237\u662f\u7684\u5361\u62c9\u501f\u8bb0\u5361\u963f\u8428\u7684\u4e86\u89e3\u5ba2\u6237\u662f\u7684\u5361\u62c9\u501f\u8bb0\u5361\u963f\u8428\u7684\u4e86\u89e3\u5ba2\u6237\u662f\u7684\u5361\u62c9\u501f\u8bb0\u5361", "author": 1, "create_time": "2020-01-31T03:17:20.240Z", "lastupdate_time": "2020-01-31T03:17:20.240Z"}}, {"model": "blog.blog", "pk": 7, "fields": {"title": "shell\u7b2c\u4e00\u7bc7", "blog_type": 1, "content": "asdjasdklhsdlahjksdajklsdjklsdajklasdjkasd", "author": 1, "create_time": "2020-01-31T03:43:18.593Z", "lastupdate_time": "2020-01-31T03:43:18.594Z"}}, {"model": "blog.blog", "pk": 8, "fields": {"title": "for: 1", "blog_type": 1, "content": "xxxxxxx: 1", "author": 1, "create_time": "2020-01-31T03:52:31.577Z", "lastupdate_time": "2020-01-31T03:52:31.578Z"}}, {"model": "blog.blog", "pk": 9, "fields": {"title": "for: 2", "blog_type": 1, "content": "xxxxxxx: 2", "author": 1, "create_time": "2020-01-31T03:52:31.591Z", "lastupdate_time": "2020-01-31T03:52:31.591Z"}}, {"model": "blog.blog", "pk": 10, "fields": {"title": "for: 3", "blog_type": 1, "content": "xxxxxxx: 3", "author": 1, "create_time": "2020-01-31T03:52:31.600Z", "lastupdate_time": "2020-01-31T03:52:31.600Z"}}, {"model": "blog.blog", "pk": 11, "fields": {"title": "for: 4", "blog_type": 1, "content": "xxxxxxx: 4", "author": 1, "create_time": "2020-01-31T03:52:31.610Z", "lastupdate_time": "2020-01-31T03:52:31.610Z"}}, {"model": "blog.blog", "pk": 12, "fields": {"title": "for: 5", "blog_type": 1, "content": "xxxxxxx: 5", "author": 1, "create_time": "2020-01-31T03:52:31.618Z", "lastupdate_time": "2020-01-31T03:52:31.618Z"}}, {"model": "blog.blog", "pk": 13, "fields": {"title": "for: 6", "blog_type": 1, "content": "xxxxxxx: 6", "author": 1, "create_time": "2020-01-31T03:52:31.626Z", "lastupdate_time": "2020-01-31T03:52:31.626Z"}}, {"model": "blog.blog", "pk": 14, "fields": {"title": "for: 7", "blog_type": 1, "content": "xxxxxxx: 7", "author": 1, "create_time": "2020-01-31T03:52:31.634Z", "lastupdate_time": "2020-01-31T03:52:31.634Z"}}, {"model": "blog.blog", "pk": 15, "fields": {"title": "for: 8", "blog_type": 1, "content": "xxxxxxx: 8", "author": 1, "create_time": "2020-01-31T03:52:31.642Z", "lastupdate_time": "2020-01-31T03:52:31.642Z"}}, {"model": "blog.blog", "pk": 16, "fields": {"title": "for: 9", "blog_type": 1, "content": "xxxxxxx: 9", "author": 1, "create_time": "2020-01-31T03:52:31.651Z", "lastupdate_time": "2020-01-31T03:52:31.651Z"}}, {"model": "blog.blog", "pk": 17, "fields": {"title": "for: 10", "blog_type": 1, "content": "xxxxxxx: 10", "author": 1, "create_time": "2020-01-31T03:52:31.660Z", "lastupdate_time": "2020-01-31T03:52:31.660Z"}}, {"model": "blog.blog", "pk": 18, "fields": {"title": "for: 11", "blog_type": 1, "content": "xxxxxxx: 11", "author": 1, "create_time": "2020-01-31T03:52:31.669Z", "lastupdate_time": "2020-01-31T03:52:31.669Z"}}, {"model": "blog.blog", "pk": 19, "fields": {"title": "for: 12", "blog_type": 1, "content": "xxxxxxx: 12", "author": 1, "create_time": "2020-01-31T03:52:31.677Z", "lastupdate_time": "2020-01-31T03:52:31.677Z"}}, {"model": "blog.blog", "pk": 20, "fields": {"title": "for: 13", "blog_type": 1, "content": "xxxxxxx: 13", "author": 1, "create_time": "2020-01-31T03:52:31.685Z", "lastupdate_time": "2020-01-31T03:52:31.685Z"}}, {"model": "blog.blog", "pk": 21, "fields": {"title": "for: 14", "blog_type": 1, "content": "xxxxxxx: 14", "author": 1, "create_time": "2020-01-31T03:52:31.692Z", "lastupdate_time": "2020-01-31T03:52:31.692Z"}}, {"model": "blog.blog", "pk": 22, "fields": {"title": "for: 15", "blog_type": 1, "content": "xxxxxxx: 15", "author": 1, "create_time": "2020-01-31T03:52:31.701Z", "lastupdate_time": "2020-01-31T03:52:31.701Z"}}, {"model": "blog.blog", "pk": 23, "fields": {"title": "for: 16", "blog_type": 1, "content": "xxxxxxx: 16", "author": 1, "create_time": "2020-01-31T03:52:31.711Z", "lastupdate_time": "2020-01-31T03:52:31.711Z"}}, {"model": "blog.blog", "pk": 24, "fields": {"title": "for: 17", "blog_type": 1, "content": "xxxxxxx: 17", "author": 1, "create_time": "2020-01-31T03:52:31.719Z", "lastupdate_time": "2020-01-31T03:52:31.719Z"}}, {"model": "blog.blog", "pk": 25, "fields": {"title": "for: 18", "blog_type": 1, "content": "xxxxxxx: 18", "author": 1, "create_time": "2020-01-31T03:52:31.728Z", "lastupdate_time": "2020-01-31T03:52:31.728Z"}}, {"model": "blog.blog", "pk": 26, "fields": {"title": "for: 19", "blog_type": 1, "content": "xxxxxxx: 19", "author": 1, "create_time": "2020-01-31T03:52:31.737Z", "lastupdate_time": "2020-01-31T03:52:31.737Z"}}, {"model": "blog.blog", "pk": 27, "fields": {"title": "for: 20", "blog_type": 1, "content": "xxxxxxx: 20", "author": 1, "create_time": "2020-01-31T03:52:31.746Z", "lastupdate_time": "2020-01-31T03:52:31.746Z"}}, {"model": "blog.blog", "pk": 28, "fields": {"title": "for: 21", "blog_type": 1, "content": "xxxxxxx: 21", "author": 1, "create_time": "2020-01-31T03:52:31.755Z", "lastupdate_time": "2020-01-31T03:52:31.755Z"}}, {"model": "blog.blog", "pk": 29, "fields": {"title": "for: 22", "blog_type": 1, "content": "xxxxxxx: 22", "author": 1, "create_time": "2020-01-31T03:52:31.765Z", "lastupdate_time": "2020-01-31T03:52:31.765Z"}}, {"model": "blog.blog", "pk": 30, "fields": {"title": "for: 23", "blog_type": 1, "content": "xxxxxxx: 23", "author": 1, "create_time": "2020-01-31T03:52:31.773Z", "lastupdate_time": "2020-01-31T03:52:31.773Z"}}, {"model": "blog.blog", "pk": 31, "fields": {"title": "for: 24", "blog_type": 1, "content": "xxxxxxx: 24", "author": 1, "create_time": "2020-01-31T03:52:31.783Z", "lastupdate_time": "2020-01-31T03:52:31.783Z"}}, {"model": "blog.blog", "pk": 32, "fields": {"title": "for: 25", "blog_type": 1, "content": "xxxxxxx: 25", "author": 1, "create_time": "2020-01-31T03:52:31.791Z", "lastupdate_time": "2020-01-31T03:52:31.791Z"}}, {"model": "blog.blog", "pk": 33, "fields": {"title": "for: 26", "blog_type": 1, "content": "xxxxxxx: 26", "author": 1, "create_time": "2020-01-31T03:52:31.799Z", "lastupdate_time": "2020-01-31T03:52:31.799Z"}}, {"model": "blog.blog", "pk": 34, "fields": {"title": "for: 27", "blog_type": 1, "content": "xxxxxxx: 27", "author": 1, "create_time": "2020-01-31T03:52:31.807Z", "lastupdate_time": "2020-01-31T03:52:31.807Z"}}, {"model": "blog.blog", "pk": 35, "fields": {"title": "for: 28", "blog_type": 1, "content": "xxxxxxx: 28", "author": 1, "create_time": "2020-01-31T03:52:31.816Z", "lastupdate_time": "2020-01-31T03:52:31.816Z"}}, {"model": "blog.blog", "pk": 36, "fields": {"title": "for: 29", "blog_type": 1, "content": "xxxxxxx: 29", "author": 1, "create_time": "2020-01-31T03:52:31.827Z", "lastupdate_time": "2020-01-31T03:52:31.827Z"}}, {"model": "blog.blog", "pk": 37, "fields": {"title": "for: 30", "blog_type": 1, "content": "xxxxxxx: 30", "author": 1, "create_time": "2020-01-31T03:52:31.835Z", "lastupdate_time": "2020-01-31T03:52:31.835Z"}}, {"model": "blog.blog", "pk": 38, "fields": {"title": "for: 31", "blog_type": 1, "content": "xxxxxxx: 31", "author": 1, "create_time": "2020-01-31T03:52:31.843Z", "lastupdate_time": "2020-01-31T03:52:31.843Z"}}, {"model": "blog.blog", "pk": 39, "fields": {"title": "for: 32", "blog_type": 1, "content": "xxxxxxx: 32", "author": 1, "create_time": "2020-01-31T03:52:31.851Z", "lastupdate_time": "2020-01-31T03:52:31.851Z"}}, {"model": "blog.blog", "pk": 40, "fields": {"title": "for: 33", "blog_type": 1, "content": "xxxxxxx: 33", "author": 1, "create_time": "2020-01-31T03:52:31.859Z", "lastupdate_time": "2020-01-31T03:52:31.859Z"}}, {"model": "blog.blog", "pk": 41, "fields": {"title": "for: 34", "blog_type": 1, "content": "xxxxxxx: 34", "author": 1, "create_time": "2020-01-31T03:52:31.868Z", "lastupdate_time": "2020-01-31T03:52:31.868Z"}}, {"model": "blog.blog", "pk": 42, "fields": {"title": "for: 35", "blog_type": 1, "content": "xxxxxxx: 35", "author": 1, "create_time": "2020-01-31T03:52:31.877Z", "lastupdate_time": "2020-01-31T03:52:31.877Z"}}, {"model": "blog.blog", "pk": 43, "fields": {"title": "for: 36", "blog_type": 1, "content": "xxxxxxx: 36", "author": 1, "create_time": "2020-01-31T03:52:31.885Z", "lastupdate_time": "2020-01-31T03:52:31.885Z"}}, {"model": "blog.blog", "pk": 44, "fields": {"title": "for: 37", "blog_type": 1, "content": "xxxxxxx: 37", "author": 1, "create_time": "2020-01-31T03:52:31.893Z", "lastupdate_time": "2020-01-31T03:52:31.893Z"}}, {"model": "blog.blog", "pk": 45, "fields": {"title": "for: 38", "blog_type": 1, "content": "xxxxxxx: 38", "author": 1, "create_time": "2020-01-31T03:52:31.902Z", "lastupdate_time": "2020-01-31T03:52:31.902Z"}}, {"model": "blog.blog", "pk": 46, "fields": {"title": "for: 39", "blog_type": 1, "content": "xxxxxxx: 39", "author": 1, "create_time": "2020-01-31T03:52:31.910Z", "lastupdate_time": "2020-01-31T03:52:31.910Z"}}, {"model": "blog.blog", "pk": 47, "fields": {"title": "for: 40", "blog_type": 1, "content": "xxxxxxx: 40", "author": 1, "create_time": "2020-01-31T03:52:31.918Z", "lastupdate_time": "2020-01-31T03:52:31.918Z"}}, {"model": "blog.blog", "pk": 48, "fields": {"title": "for: 41", "blog_type": 1, "content": "xxxxxxx: 41", "author": 1, "create_time": "2020-01-31T03:52:31.926Z", "lastupdate_time": "2020-01-31T03:52:31.926Z"}}, {"model": "blog.blog", "pk": 49, "fields": {"title": "for: 42", "blog_type": 1, "content": "xxxxxxx: 42", "author": 1, "create_time": "2020-01-31T03:52:31.935Z", "lastupdate_time": "2020-01-31T03:52:31.935Z"}}, {"model": "blog.blog", "pk": 50, "fields": {"title": "for: 43", "blog_type": 1, "content": "xxxxxxx: 43", "author": 1, "create_time": "2020-01-31T03:52:31.944Z", "lastupdate_time": "2020-01-31T03:52:31.944Z"}}, {"model": "blog.blog", "pk": 51, "fields": {"title": "for: 44", "blog_type": 1, "content": "xxxxxxx: 44", "author": 1, "create_time": "2020-01-31T03:52:31.953Z", "lastupdate_time": "2020-01-31T03:52:31.953Z"}}, {"model": "blog.blog", "pk": 52, "fields": {"title": "for: 45", "blog_type": 1, "content": "xxxxxxx: 45", "author": 1, "create_time": "2020-01-31T03:52:31.961Z", "lastupdate_time": "2020-01-31T03:52:31.961Z"}}, {"model": "blog.blog", "pk": 53, "fields": {"title": "for: 46", "blog_type": 1, "content": "xxxxxxx: 46", "author": 1, "create_time": "2020-01-31T03:52:31.969Z", "lastupdate_time": "2020-01-31T03:52:31.969Z"}}, {"model": "blog.blog", "pk": 54, "fields": {"title": "for: 47", "blog_type": 1, "content": "xxxxxxx: 47", "author": 1, "create_time": "2020-01-31T03:52:31.978Z", "lastupdate_time": "2020-01-31T03:52:31.978Z"}}, {"model": "blog.blog", "pk": 55, "fields": {"title": "for: 48", "blog_type": 1, "content": "xxxxxxx: 48", "author": 1, "create_time": "2020-01-31T03:52:31.986Z", "lastupdate_time": "2020-01-31T03:52:31.986Z"}}, {"model": "blog.blog", "pk": 56, "fields": {"title": "for: 49", "blog_type": 1, "content": "<p>xxxxxxx: 49<img alt=\"\" src=\"/media/upload/2020/01/31/img_696620191213-212837.JPG\" style=\"height:113px; width:200px\" /></p>", "author": 1, "create_time": "2020-01-31T03:52:31.995Z", "lastupdate_time": "2020-01-31T08:44:21.614Z"}}, {"model": "comment.comment", "pk": 1, "fields": {"content_type": 7, "object_id": 48, "text": "\u771f\u662f\u4e00\u7247\u597d\u535a\u5ba2", "comment_time": "2020-02-01T05:15:28.795Z", "user": 1, "root": null, "parent": null, "reply_to": null}}, {"model": "comment.comment", "pk": 3, "fields": {"content_type": 7, "object_id": 56, "text": "asdasd", "comment_time": "2020-02-01T06:38:47.833Z", "user": 1, "root": null, "parent": null, "reply_to": null}}, {"model": "comment.comment", "pk": 4, "fields": {"content_type": 7, "object_id": 56, "text": "fafasf", "comment_time": "2020-02-01T06:45:25.066Z", "user": 1, "root": null, "parent": null, "reply_to": null}}, {"model": "comment.comment", "pk": 5, "fields": {"content_type": 7, "object_id": 56, "text": "<p>\u771f\u662f\u4e00\u7bc7\u597d\u535a\u5ba2</p>", "comment_time": "2020-02-01T12:54:53.064Z", "user": 3, "root": null, "parent": null, "reply_to": null}}, {"model": "comment.comment", "pk": 6, "fields": {"content_type": 7, "object_id": 56, "text": "<p>\u8fd9\u771f\u7684\u662f\u4e00\u4e2a\u597d\u535a\u5ba2</p>", "comment_time": "2020-02-01T13:27:49.523Z", "user": 3, "root": null, "parent": null, "reply_to": null}}, {"model": "comment.comment", "pk": 7, "fields": {"content_type": 7, "object_id": 56, "text": "<p>\u8fd9\u771f\u7684\u662f\u4e00\u4e2a\u597d\u535a\u5ba2</p>", "comment_time": "2020-02-01T13:27:54.724Z", "user": 3, "root": null, "parent": null, "reply_to": null}}, {"model": "comment.comment", "pk": 8, "fields": {"content_type": 7, "object_id": 53, "text": "<p>\u554a\u554a\u554a\u554a\u554a</p>", "comment_time": "2020-02-01T13:28:22.089Z", "user": 3, "root": null, "parent": null, "reply_to": null}}, {"model": "comment.comment", "pk": 9, "fields": {"content_type": 7, "object_id": 53, "text": "<p>\u54c8\u54c8\u54c8</p>", "comment_time": "2020-02-01T13:28:56.370Z", "user": 3, "root": null, "parent": null, "reply_to": null}}, {"model": "comment.comment", "pk": 10, "fields": {"content_type": 7, "object_id": 53, "text": "<p>\u54c8\u54c8\u54c8</p>", "comment_time": "2020-02-01T13:29:00.547Z", "user": 3, "root": null, "parent": null, "reply_to": null}}, {"model": "comment.comment", "pk": 11, "fields": {"content_type": 7, "object_id": 53, "text": "<p>\u54c8\u54c8\u54c8</p>", "comment_time": "2020-02-01T13:30:48.447Z", "user": 3, "root": null, "parent": null, "reply_to": null}}, {"model": "comment.comment", "pk": 12, "fields": {"content_type": 7, "object_id": 53, "text": "<p>asasd</p>", "comment_time": "2020-02-01T13:30:58.072Z", "user": 3, "root": null, "parent": null, "reply_to": null}}, {"model": "comment.comment", "pk": 13, "fields": {"content_type": 7, "object_id": 53, "text": "<p>asasd</p>", "comment_time": "2020-02-01T13:33:34.165Z", "user": 3, "root": null, "parent": null, "reply_to": null}}, {"model": "comment.comment", "pk": 14, "fields": {"content_type": 7, "object_id": 53, "text": "<p>qweq</p>", "comment_time": "2020-02-01T13:39:21.266Z", "user": 3, "root": null, "parent": null, "reply_to": null}}, {"model": "comment.comment", "pk": 15, "fields": {"content_type": 7, "object_id": 53, "text": "<p>qweqee</p>", "comment_time": "2020-02-01T13:39:26.401Z", "user": 3, "root": null, "parent": null, "reply_to": null}}, {"model": "comment.comment", "pk": 16, "fields": {"content_type": 7, "object_id": 53, "text": "<p>qweqee</p>", "comment_time": "2020-02-01T13:39:41.846Z", "user": 3, "root": null, "parent": null, "reply_to": null}}, {"model": "comment.comment", "pk": 17, "fields": {"content_type": 7, "object_id": 53, "text": "<p>rr</p>", "comment_time": "2020-02-01T13:39:47.819Z", "user": 3, "root": null, "parent": null, "reply_to": null}}, {"model": "comment.comment", "pk": 18, "fields": {"content_type": 7, "object_id": 53, "text": "<p>asdasd</p>", "comment_time": "2020-02-01T13:41:56.747Z", "user": 3, "root": null, "parent": null, "reply_to": null}}, {"model": "comment.comment", "pk": 19, "fields": {"content_type": 7, "object_id": 53, "text": "<p>ffff</p>", "comment_time": "2020-02-01T13:43:12.846Z", "user": 3, "root": null, "parent": null, "reply_to": null}}, {"model": "comment.comment", "pk": 20, "fields": {"content_type": 7, "object_id": 53, "text": "<p>qweq</p>", "comment_time": "2020-02-01T13:43:20.605Z", "user": 3, "root": null, "parent": null, "reply_to": null}}, {"model": "comment.comment", "pk": 21, "fields": {"content_type": 7, "object_id": 53, "text": "<p>ertert</p>", "comment_time": "2020-02-01T13:43:46.156Z", "user": 3, "root": null, "parent": null, "reply_to": null}}, {"model": "comment.comment", "pk": 22, "fields": {"content_type": 7, "object_id": 53, "text": "<p>ertert</p>", "comment_time": "2020-02-01T13:43:56.363Z", "user": 3, "root": null, "parent": null, "reply_to": null}}, {"model": "comment.comment", "pk": 23, "fields": {"content_type": 7, "object_id": 53, "text": "<p>ttt</p>", "comment_time": "2020-02-01T13:44:02.666Z", "user": 3, "root": null, "parent": null, "reply_to": null}}, {"model": "comment.comment", "pk": 24, "fields": {"content_type": 7, "object_id": 53, "text": "<p>tttttt</p>", "comment_time": "2020-02-01T13:45:47.524Z", "user": 3, "root": null, "parent": null, "reply_to": null}}, {"model": "comment.comment", "pk": 25, "fields": {"content_type": 7, "object_id": 53, "text": "<p>tttttt</p>", "comment_time": "2020-02-01T13:45:48.643Z", "user": 3, "root": null, "parent": null, "reply_to": null}}, {"model": "comment.comment", "pk": 26, "fields": {"content_type": 7, "object_id": 53, "text": "<p>erere</p>", "comment_time": "2020-02-01T13:46:01.801Z", "user": 3, "root": null, "parent": null, "reply_to": null}}, {"model": "comment.comment", "pk": 27, "fields": {"content_type": 7, "object_id": 53, "text": "<p>123</p>", "comment_time": "2020-02-01T13:52:14.531Z", "user": 3, "root": null, "parent": null, "reply_to": null}}, {"model": "comment.comment", "pk": 28, "fields": {"content_type": 7, "object_id": 53, "text": "<p><img alt=\"angel\" height=\"23\" src=\"http://127.0.0.1:8000/static/ckeditor/ckeditor/plugins/smiley/images/angel_smile.png\" title=\"angel\" width=\"23\" /></p>", "comment_time": "2020-02-01T13:56:39.012Z", "user": 3, "root": null, "parent": null, "reply_to": null}}, {"model": "comment.comment", "pk": 29, "fields": {"content_type": 7, "object_id": 53, "text": "<p>qweqwe</p>", "comment_time": "2020-02-01T14:00:03.799Z", "user": 3, "root": null, "parent": null, "reply_to": null}}, {"model": "comment.comment", "pk": 30, "fields": {"content_type": 7, "object_id": 53, "text": "<p>qweqwe</p>", "comment_time": "2020-02-01T14:00:06.546Z", "user": 3, "root": null, "parent": null, "reply_to": null}}, {"model": "comment.comment", "pk": 31, "fields": {"content_type": 7, "object_id": 53, "text": "<p>qweqwe</p>", "comment_time": "2020-02-01T14:00:11.936Z", "user": 3, "root": null, "parent": null, "reply_to": null}}, {"model": "comment.comment", "pk": 32, "fields": {"content_type": 7, "object_id": 53, "text": "<p>qweqwe</p>", "comment_time": "2020-02-01T14:00:12.077Z", "user": 3, "root": null, "parent": null, "reply_to": null}}, {"model": "comment.comment", "pk": 33, "fields": {"content_type": 7, "object_id": 53, "text": "<p>asd</p>", "comment_time": "2020-02-01T14:00:23.211Z", "user": 3, "root": null, "parent": null, "reply_to": null}}, {"model": "comment.comment", "pk": 34, "fields": {"content_type": 7, "object_id": 56, "text": "<p>\u7ed9\u54c8\u54c8\u54c8\u54c8</p>", "comment_time": "2020-02-01T14:01:34.003Z", "user": 3, "root": null, "parent": null, "reply_to": null}}, {"model": "comment.comment", "pk": 35, "fields": {"content_type": 7, "object_id": 56, "text": "<p>\u7ed9\u54c8\u54c8\u54c8\u54c8</p>", "comment_time": "2020-02-01T14:01:36.579Z", "user": 3, "root": null, "parent": null, "reply_to": null}}, {"model": "comment.comment", "pk": 36, "fields": {"content_type": 7, "object_id": 56, "text": "<p>\u7ed9\u54c8\u54c8\u54c8\u54c8</p>", "comment_time": "2020-02-01T14:01:37.201Z", "user": 3, "root": null, "parent": null, "reply_to": null}}, {"model": "comment.comment", "pk": 37, "fields": {"content_type": 7, "object_id": 56, "text": "<p>\u6d9b\u6d9b\u6d9b\u6d9b</p>", "comment_time": "2020-02-01T14:02:44.888Z", "user": 3, "root": null, "parent": null, "reply_to": null}}, {"model": "comment.comment", "pk": 40, "fields": {"content_type": 7, "object_id": 55, "text": "<p>\u5341\u4e00\u70b9\u7684\u8bc4\u8bba\u4fe1\u606f</p>", "comment_time": "2020-02-01T15:00:08.067Z", "user": 1, "root": null, "parent": null, "reply_to": null}}, {"model": "comment.comment", "pk": 41, "fields": {"content_type": 7, "object_id": 55, "text": "123123", "comment_time": "2020-02-01T15:04:13.438Z", "user": 3, "root": 40, "parent": 40, "reply_to": 1}}, {"model": "comment.comment", "pk": 42, "fields": {"content_type": 7, "object_id": 56, "text": "<p>123123</p>", "comment_time": "2020-02-01T15:46:05.548Z", "user": 1, "root": 37, "parent": 37, "reply_to": 3}}, {"model": "comment.comment", "pk": 43, "fields": {"content_type": 7, "object_id": 56, "text": "<p>321</p>", "comment_time": "2020-02-01T16:13:53.486Z", "user": 1, "root": 37, "parent": 42, "reply_to": 1}}, {"model": "comment.comment", "pk": 44, "fields": {"content_type": 7, "object_id": 56, "text": "<p>321</p>", "comment_time": "2020-02-01T16:14:00.325Z", "user": 1, "root": 37, "parent": 42, "reply_to": 1}}, {"model": "comment.comment", "pk": 45, "fields": {"content_type": 7, "object_id": 56, "text": "<p>321</p>", "comment_time": "2020-02-01T16:14:00.671Z", "user": 1, "root": 37, "parent": 42, "reply_to": 1}}, {"model": "comment.comment", "pk": 46, "fields": {"content_type": 7, "object_id": 56, "text": "<p>321</p>", "comment_time": "2020-02-01T16:14:00.845Z", "user": 1, "root": 37, "parent": 42, "reply_to": 1}}, {"model": "comment.comment", "pk": 47, "fields": {"content_type": 7, "object_id": 56, "text": "<p>222222</p>", "comment_time": "2020-02-01T16:14:27.436Z", "user": 1, "root": 3, "parent": 3, "reply_to": 1}}, {"model": "comment.comment", "pk": 48, "fields": {"content_type": 7, "object_id": 56, "text": "<p>222222</p>", "comment_time": "2020-02-01T16:14:51.794Z", "user": 1, "root": 3, "parent": 3, "reply_to": 1}}, {"model": "comment.comment", "pk": 49, "fields": {"content_type": 7, "object_id": 56, "text": "<p>\u5bf9\u7684\u5462<img alt=\"smiley\" height=\"23\" src=\"http://localhost:8000/static/ckeditor/ckeditor/plugins/smiley/images/regular_smile.png\" title=\"smiley\" width=\"23\" /></p>", "comment_time": "2020-02-01T16:15:21.802Z", "user": 1, "root": 5, "parent": 5, "reply_to": 3}}, {"model": "comment.comment", "pk": 50, "fields": {"content_type": 7, "object_id": 56, "text": "<p>111</p>", "comment_time": "2020-02-01T16:15:54.289Z", "user": 1, "root": 3, "parent": 48, "reply_to": 1}}, {"model": "comment.comment", "pk": 51, "fields": {"content_type": 7, "object_id": 56, "text": "<p>&divide;</p>", "comment_time": "2020-02-01T16:17:19.588Z", "user": 1, "root": 3, "parent": 50, "reply_to": 1}}, {"model": "comment.comment", "pk": 52, "fields": {"content_type": 7, "object_id": 56, "text": "<p>11</p>", "comment_time": "2020-02-01T16:19:46.452Z", "user": 1, "root": 3, "parent": 51, "reply_to": 1}}, {"model": "comment.comment", "pk": 53, "fields": {"content_type": 7, "object_id": 56, "text": "<p>2222</p>", "comment_time": "2020-02-01T16:20:06.702Z", "user": 1, "root": 3, "parent": 52, "reply_to": 1}}, {"model": "comment.comment", "pk": 54, "fields": {"content_type": 7, "object_id": 56, "text": "<p>111</p>", "comment_time": "2020-02-01T16:20:10.694Z", "user": 1, "root": null, "parent": null, "reply_to": null}}, {"model": "comment.comment", "pk": 55, "fields": {"content_type": 7, "object_id": 56, "text": "<p>123131</p>", "comment_time": "2020-02-01T16:23:40.042Z", "user": 1, "root": null, "parent": null, "reply_to": null}}, {"model": "comment.comment", "pk": 56, "fields": {"content_type": 7, "object_id": 56, "text": "<p>12312313232</p>", "comment_time": "2020-02-01T16:23:52.584Z", "user": 1, "root": null, "parent": null, "reply_to": null}}, {"model": "comment.comment", "pk": 57, "fields": {"content_type": 7, "object_id": 56, "text": "<p>123123</p>", "comment_time": "2020-02-01T16:24:16.758Z", "user": 1, "root": null, "parent": null, "reply_to": null}}, {"model": "comment.comment", "pk": 58, "fields": {"content_type": 7, "object_id": 56, "text": "<p>4123</p>", "comment_time": "2020-02-01T16:24:39.120Z", "user": 1, "root": null, "parent": null, "reply_to": null}}, {"model": "comment.comment", "pk": 59, "fields": {"content_type": 7, "object_id": 56, "text": "<p>123123</p>", "comment_time": "2020-02-01T16:25:45.985Z", "user": 1, "root": 3, "parent": 53, "reply_to": 1}}, {"model": "comment.comment", "pk": 60, "fields": {"content_type": 7, "object_id": 56, "text": "<p>1222</p>", "comment_time": "2020-02-01T16:25:52.375Z", "user": 1, "root": 3, "parent": 59, "reply_to": 1}}, {"model": "comment.comment", "pk": 61, "fields": {"content_type": 7, "object_id": 56, "text": "<p>2222</p>", "comment_time": "2020-02-01T16:26:05.102Z", "user": 1, "root": 3, "parent": 60, "reply_to": 1}}, {"model": "comment.comment", "pk": 62, "fields": {"content_type": 7, "object_id": 56, "text": "<p>1231231</p>", "comment_time": "2020-02-01T16:26:59.568Z", "user": 1, "root": 3, "parent": 61, "reply_to": 1}}, {"model": "comment.comment", "pk": 63, "fields": {"content_type": 7, "object_id": 56, "text": "<p>1312313</p>", "comment_time": "2020-02-01T16:27:53.067Z", "user": 1, "root": 3, "parent": 62, "reply_to": 1}}, {"model": "comment.comment", "pk": 64, "fields": {"content_type": 7, "object_id": 54, "text": "<p>1222</p>", "comment_time": "2020-02-01T16:28:23.368Z", "user": 1, "root": null, "parent": null, "reply_to": null}}, {"model": "comment.comment", "pk": 65, "fields": {"content_type": 7, "object_id": 54, "text": "<p>312132</p>", "comment_time": "2020-02-01T16:28:28.543Z", "user": 1, "root": 64, "parent": 64, "reply_to": 1}}, {"model": "comment.comment", "pk": 66, "fields": {"content_type": 7, "object_id": 54, "text": "<p>1231</p>", "comment_time": "2020-02-01T16:28:34.309Z", "user": 1, "root": null, "parent": null, "reply_to": null}}, {"model": "comment.comment", "pk": 67, "fields": {"content_type": 7, "object_id": 54, "text": "<p>2222</p>", "comment_time": "2020-02-01T16:28:37.612Z", "user": 1, "root": 64, "parent": 64, "reply_to": 1}}, {"model": "comment.comment", "pk": 68, "fields": {"content_type": 7, "object_id": 54, "text": "<p>23232</p>", "comment_time": "2020-02-01T16:28:47.077Z", "user": 1, "root": 64, "parent": 67, "reply_to": 1}}, {"model": "comment.comment", "pk": 69, "fields": {"content_type": 7, "object_id": 54, "text": "<p>1111</p>", "comment_time": "2020-02-01T16:28:50.529Z", "user": 1, "root": null, "parent": null, "reply_to": null}}, {"model": "comment.comment", "pk": 70, "fields": {"content_type": 7, "object_id": 52, "text": "<p>123123</p>", "comment_time": "2020-02-01T16:44:57.619Z", "user": 1, "root": null, "parent": null, "reply_to": null}}, {"model": "comment.comment", "pk": 71, "fields": {"content_type": 7, "object_id": 51, "text": "<p>2222</p>", "comment_time": "2020-02-01T17:00:13.389Z", "user": 1, "root": null, "parent": null, "reply_to": null}}, {"model": "comment.comment", "pk": 72, "fields": {"content_type": 7, "object_id": 51, "text": "<p>223</p>", "comment_time": "2020-02-01T17:00:16.595Z", "user": 1, "root": null, "parent": null, "reply_to": null}}, {"model": "comment.comment", "pk": 73, "fields": {"content_type": 7, "object_id": 51, "text": "<p>12313</p>", "comment_time": "2020-02-01T17:00:19.216Z", "user": 1, "root": 72, "parent": 72, "reply_to": 1}}, {"model": "comment.comment", "pk": 74, "fields": {"content_type": 7, "object_id": 56, "text": "<p>213123</p>", "comment_time": "2020-02-01T17:06:07.976Z", "user": 1, "root": 58, "parent": 58, "reply_to": 1}}, {"model": "comment.comment", "pk": 75, "fields": {"content_type": 7, "object_id": 56, "text": "<p>123123</p>", "comment_time": "2020-02-01T17:06:26.860Z", "user": 1, "root": null, "parent": null, "reply_to": null}}, {"model": "comment.comment", "pk": 76, "fields": {"content_type": 7, "object_id": 56, "text": "<p>123123</p>", "comment_time": "2020-02-01T17:07:02.735Z", "user": 1, "root": null, "parent": null, "reply_to": null}}, {"model": "comment.comment", "pk": 77, "fields": {"content_type": 7, "object_id": 56, "text": "<p>123123</p>", "comment_time": "2020-02-01T17:07:08.323Z", "user": 1, "root": 76, "parent": 76, "reply_to": 1}}, {"model": "comment.comment", "pk": 78, "fields": {"content_type": 7, "object_id": 55, "text": "<p>11</p>", "comment_time": "2020-02-02T05:46:03.227Z", "user": 1, "root": null, "parent": null, "reply_to": null}}, {"model": "comment.comment", "pk": 79, "fields": {"content_type": 7, "object_id": 55, "text": "<p>111</p>", "comment_time": "2020-02-02T06:39:13.615Z", "user": 1, "root": null, "parent": null, "reply_to": null}}, {"model": "comment.comment", "pk": 80, "fields": {"content_type": 7, "object_id": 55, "text": "<p>123</p>", "comment_time": "2020-02-02T06:39:26.514Z", "user": 1, "root": null, "parent": null, "reply_to": null}}, {"model": "comment.comment", "pk": 81, "fields": {"content_type": 7, "object_id": 55, "text": "<p>2131</p>", "comment_time": "2020-02-02T06:41:50.737Z", "user": 1, "root": null, "parent": null, "reply_to": null}}, {"model": "comment.comment", "pk": 82, "fields": {"content_type": 7, "object_id": 55, "text": "<p>123123</p>", "comment_time": "2020-02-02T06:41:57.361Z", "user": 1, "root": 81, "parent": 81, "reply_to": 1}}, {"model": "comment.comment", "pk": 83, "fields": {"content_type": 7, "object_id": 55, "text": "<p>123123</p>", "comment_time": "2020-02-02T06:43:37.389Z", "user": 1, "root": 40, "parent": 41, "reply_to": 3}}, {"model": "comment.comment", "pk": 84, "fields": {"content_type": 7, "object_id": 54, "text": "<p>dssaddasd</p>", "comment_time": "2020-02-02T09:23:08.782Z", "user": 1, "root": 69, "parent": 69, "reply_to": 1}}, {"model": "comment.comment", "pk": 85, "fields": {"content_type": 7, "object_id": 54, "text": "<p>asdasdasd</p>", "comment_time": "2020-02-02T09:54:56.013Z", "user": 1, "root": null, "parent": null, "reply_to": null}}, {"model": "comment.comment", "pk": 86, "fields": {"content_type": 7, "object_id": 54, "text": "<p>asdasdas</p>\r\n\r\n<p>&nbsp;</p>", "comment_time": "2020-02-02T09:55:03.585Z", "user": 1, "root": 85, "parent": 85, "reply_to": 1}}, {"model": "comment.comment", "pk": 87, "fields": {"content_type": 7, "object_id": 54, "text": "<p>\u8bc4\u8bba</p>", "comment_time": "2020-02-03T05:00:12.984Z", "user": 6, "root": null, "parent": null, "reply_to": null}}, {"model": "comment.comment", "pk": 88, "fields": {"content_type": 7, "object_id": 54, "text": "<p>hhhh</p>", "comment_time": "2020-02-03T05:02:24.255Z", "user": 6, "root": null, "parent": null, "reply_to": null}}, {"model": "comment.comment", "pk": 89, "fields": {"content_type": 7, "object_id": 54, "text": "<p>asdasdas</p>", "comment_time": "2020-02-03T05:02:56.029Z", "user": 6, "root": 64, "parent": 65, "reply_to": 1}}, {"model": "comment.comment", "pk": 90, "fields": {"content_type": 7, "object_id": 54, "text": "<p>asdasdas</p>", "comment_time": "2020-02-03T05:02:58.520Z", "user": 6, "root": 64, "parent": 65, "reply_to": 1}}, {"model": "comment.comment", "pk": 91, "fields": {"content_type": 7, "object_id": 54, "text": "<p>asdasdas</p>", "comment_time": "2020-02-03T05:03:26.621Z", "user": 6, "root": 64, "parent": 65, "reply_to": 1}}, {"model": "comment.comment", "pk": 92, "fields": {"content_type": 7, "object_id": 54, "text": "<p>123</p>", "comment_time": "2020-02-03T05:35:59.461Z", "user": 6, "root": null, "parent": null, "reply_to": null}}, {"model": "comment.comment", "pk": 93, "fields": {"content_type": 7, "object_id": 54, "text": "<p>123123</p>", "comment_time": "2020-02-03T05:46:07.613Z", "user": 6, "root": null, "parent": null, "reply_to": null}}, {"model": "comment.comment", "pk": 94, "fields": {"content_type": 7, "object_id": 54, "text": "<p>222222</p>", "comment_time": "2020-02-03T05:46:39.169Z", "user": 6, "root": null, "parent": null, "reply_to": null}}, {"model": "comment.comment", "pk": 95, "fields": {"content_type": 7, "object_id": 54, "text": "<p>ddddd</p>", "comment_time": "2020-02-03T05:47:49.515Z", "user": 6, "root": null, "parent": null, "reply_to": null}}, {"model": "comment.comment", "pk": 96, "fields": {"content_type": 7, "object_id": 54, "text": "<p>123123</p>", "comment_time": "2020-02-03T05:55:17.382Z", "user": 6, "root": null, "parent": null, "reply_to": null}}, {"model": "comment.comment", "pk": 97, "fields": {"content_type": 7, "object_id": 54, "text": "<p>123123</p>", "comment_time": "2020-02-03T05:55:19.715Z", "user": 6, "root": null, "parent": null, "reply_to": null}}, {"model": "comment.comment", "pk": 98, "fields": {"content_type": 7, "object_id": 54, "text": "<p>4234234</p>", "comment_time": "2020-02-03T05:55:33.734Z", "user": 6, "root": null, "parent": null, "reply_to": null}}, {"model": "likes.likerecord", "pk": 1, "fields": {"content_type": 7, "object_id": 56, "user": 1, "liked_time": "2020-02-02T04:41:44.199Z"}}, {"model": "likes.likerecord", "pk": 4, "fields": {"content_type": 7, "object_id": 50, "user": 1, "liked_time": "2020-02-02T05:23:26.295Z"}}, {"model": "likes.likerecord", "pk": 5, "fields": {"content_type": 7, "object_id": 53, "user": 1, "liked_time": "2020-02-02T05:25:15.453Z"}}, {"model": "likes.likerecord", "pk": 19, "fields": {"content_type": 7, "object_id": 55, "user": 1, "liked_time": "2020-02-02T05:38:54.052Z"}}, {"model": "likes.likerecord", "pk": 22, "fields": {"content_type": 12, "object_id": 40, "user": 1, "liked_time": "2020-02-02T05:45:26.275Z"}}, {"model": "likes.likerecord", "pk": 23, "fields": {"content_type": 12, "object_id": 41, "user": 1, "liked_time": "2020-02-02T05:45:27.080Z"}}, {"model": "likes.likerecord", "pk": 24, "fields": {"content_type": 12, "object_id": 80, "user": 1, "liked_time": "2020-02-02T06:39:31.064Z"}}, {"model": "likes.likerecord", "pk": 29, "fields": {"content_type": 12, "object_id": 81, "user": 1, "liked_time": "2020-02-02T06:43:24.334Z"}}, {"model": "likes.likerecord", "pk": 30, "fields": {"content_type": 12, "object_id": 82, "user": 1, "liked_time": "2020-02-02T06:43:26.362Z"}}, {"model": "likes.likerecord", "pk": 32, "fields": {"content_type": 12, "object_id": 83, "user": 1, "liked_time": "2020-02-02T06:43:41.515Z"}}, {"model": "likes.likerecord", "pk": 33, "fields": {"content_type": 12, "object_id": 69, "user": 1, "liked_time": "2020-02-02T09:23:12.676Z"}}, {"model": "likes.likerecord", "pk": 35, "fields": {"content_type": 7, "object_id": 54, "user": 1, "liked_time": "2020-02-02T09:55:07.636Z"}}, {"model": "likes.likerecord", "pk": 36, "fields": {"content_type": 12, "object_id": 85, "user": 1, "liked_time": "2020-02-02T09:55:08.818Z"}}, {"model": "likes.likerecord", "pk": 37, "fields": {"content_type": 12, "object_id": 86, "user": 1, "liked_time": "2020-02-02T09:55:10.356Z"}}, {"model": "likes.likerecord", "pk": 38, "fields": {"content_type": 7, "object_id": 54, "user": 6, "liked_time": "2020-02-03T05:00:05.770Z"}}, {"model": "user.profile", "pk": 1, "fields": {"user": 1, "nickname": "\u7ba1\u7406\u5458"}}, {"model": "user.profile", "pk": 2, "fields": {"user": 3, "nickname": "\u82b1\u82b1"}}, {"model": "admin.logentry", "pk": 1, "fields": {"action_time": "2020-01-30T10:55:18.279Z", "user": 1, "content_type": 8, "object_id": "1", "object_repr": "<BlogType: Django>", "action_flag": 1, "change_message": "[{\"added\": {}}]"}}, {"model": "admin.logentry", "pk": 2, "fields": {"action_time": "2020-01-30T10:55:24.756Z", "user": 1, "content_type": 8, "object_id": "2", "object_repr": "<BlogType: \u968f\u7b14>", "action_flag": 1, "change_message": "[{\"added\": {}}]"}}, {"model": "admin.logentry", "pk": 3, "fields": {"action_time": "2020-01-30T10:55:27.734Z", "user": 1, "content_type": 8, "object_id": "3", "object_repr": "<BlogType: \u611f\u609f>", "action_flag": 1, "change_message": "[{\"added\": {}}]"}}, {"model": "admin.logentry", "pk": 4, "fields": {"action_time": "2020-01-30T10:56:34.864Z", "user": 1, "content_type": 7, "object_id": "1", "object_repr": "<Blog: \u7b2c\u4e00\u7bc7\u535a\u5ba2>", "action_flag": 1, "change_message": "[{\"added\": {}}]"}}, {"model": "admin.logentry", "pk": 5, "fields": {"action_time": "2020-01-30T11:41:15.707Z", "user": 1, "content_type": 7, "object_id": "2", "object_repr": "<Blog: \u7b2c\u4e8c\u7bc7\u535a\u5ba2>", "action_flag": 1, "change_message": "[{\"added\": {}}]"}}, {"model": "admin.logentry", "pk": 6, "fields": {"action_time": "2020-01-30T11:46:40.843Z", "user": 1, "content_type": 7, "object_id": "3", "object_repr": "<Blog: \u957f\u5185\u5bb9\u7684\u535a\u5ba2>", "action_flag": 1, "change_message": "[{\"added\": {}}]"}}, {"model": "admin.logentry", "pk": 7, "fields": {"action_time": "2020-01-30T12:21:24.539Z", "user": 1, "content_type": 7, "object_id": "4", "object_repr": "\u968f\u7b142", "action_flag": 1, "change_message": "[{\"added\": {}}]"}}, {"model": "admin.logentry", "pk": 8, "fields": {"action_time": "2020-01-30T12:21:37.358Z", "user": 1, "content_type": 7, "object_id": "5", "object_repr": "Django1", "action_flag": 1, "change_message": "[{\"added\": {}}]"}}, {"model": "admin.logentry", "pk": 9, "fields": {"action_time": "2020-01-31T03:17:20.251Z", "user": 1, "content_type": 7, "object_id": "6", "object_repr": "\u7b2c\u4e94\u7bc7\uff1f", "action_flag": 1, "change_message": "[{\"added\": {}}]"}}, {"model": "admin.logentry", "pk": 10, "fields": {"action_time": "2020-01-31T08:38:01.378Z", "user": 1, "content_type": 7, "object_id": "56", "object_repr": "for: 49", "action_flag": 2, "change_message": "[{\"changed\": {\"fields\": [\"content\"]}}]"}}, {"model": "admin.logentry", "pk": 11, "fields": {"action_time": "2020-01-31T09:06:11.379Z", "user": 1, "content_type": 9, "object_id": "1", "object_repr": "ReadNum object (1)", "action_flag": 1, "change_message": "[{\"added\": {}}]"}}, {"model": "admin.logentry", "pk": 12, "fields": {"action_time": "2020-01-31T14:32:07.986Z", "user": 1, "content_type": 10, "object_id": "1", "object_repr": "ReadNum object (1)", "action_flag": 1, "change_message": "[{\"added\": {}}]"}}, {"model": "admin.logentry", "pk": 13, "fields": {"action_time": "2020-01-31T14:32:42.361Z", "user": 1, "content_type": 10, "object_id": "2", "object_repr": "ReadNum object (2)", "action_flag": 1, "change_message": "[{\"added\": {}}]"}}, {"model": "admin.logentry", "pk": 14, "fields": {"action_time": "2020-01-31T14:40:17.463Z", "user": 1, "content_type": 11, "object_id": "1", "object_repr": "ReadDetail object (1)", "action_flag": 1, "change_message": "[{\"added\": {}}]"}}, {"model": "admin.logentry", "pk": 15, "fields": {"action_time": "2020-02-01T05:15:28.797Z", "user": 1, "content_type": 12, "object_id": "1", "object_repr": "Comment object (1)", "action_flag": 1, "change_message": "[{\"added\": {}}]"}}, {"model": "admin.logentry", "pk": 16, "fields": {"action_time": "2020-02-01T06:39:07.124Z", "user": 1, "content_type": 12, "object_id": "2", "object_repr": "Comment object (2)", "action_flag": 3, "change_message": ""}}, {"model": "admin.logentry", "pk": 17, "fields": {"action_time": "2020-02-01T14:35:08.431Z", "user": 1, "content_type": 12, "object_id": "38", "object_repr": "<p>\u4e5f\u4e00\u6837</p>", "action_flag": 2, "change_message": "[{\"changed\": {\"fields\": [\"parent\"]}}]"}}, {"model": "admin.logentry", "pk": 18, "fields": {"action_time": "2020-02-01T14:54:14.280Z", "user": 1, "content_type": 12, "object_id": "39", "object_repr": "2222222222222222222222", "action_flag": 1, "change_message": "[{\"added\": {}}]"}}, {"model": "admin.logentry", "pk": 19, "fields": {"action_time": "2020-02-01T14:56:34.502Z", "user": 1, "content_type": 12, "object_id": "39", "object_repr": "2222222222222222222222", "action_flag": 2, "change_message": "[{\"changed\": {\"fields\": [\"root\", \"parent\"]}}]"}}, {"model": "admin.logentry", "pk": 20, "fields": {"action_time": "2020-02-01T15:04:13.442Z", "user": 1, "content_type": 12, "object_id": "41", "object_repr": "123123", "action_flag": 1, "change_message": "[{\"added\": {}}]"}}, {"model": "admin.logentry", "pk": 21, "fields": {"action_time": "2020-02-01T17:25:14.177Z", "user": 1, "content_type": 12, "object_id": "38", "object_repr": "<p>\u4e5f\u4e00\u6837</p>", "action_flag": 3, "change_message": ""}}, {"model": "admin.logentry", "pk": 22, "fields": {"action_time": "2020-02-02T13:11:39.017Z", "user": 1, "content_type": 15, "object_id": "1", "object_repr": "<Profile: \u7ba1\u7406\u5458 for admin>", "action_flag": 1, "change_message": "[{\"added\": {}}]"}}, {"model": "admin.logentry", "pk": 23, "fields": {"action_time": "2020-02-02T15:23:15.001Z", "user": 1, "content_type": 4, "object_id": "1", "object_repr": "admin", "action_flag": 2, "change_message": "[{\"changed\": {\"fields\": [\"email\", \"last_login\"]}}]"}}]